Feature,Type,Coefficient,Importance
youtube,Text,-2.7606814766899523,2.7606814766899523
stage play,Text,-2.593645053011217,2.593645053011217
visual novel,Text,2.477525455331241,2.477525455331241
paranormal,Text,-2.4765410098049077,2.4765410098049077
usd_goal_real_log,Numeric,-2.4089608217294245,2.4089608217294245
usd_goal_real,Numeric,-2.402362094268913,2.402362094268913
burning man,Text,2.3979200931646356,2.3979200931646356
kickstarter gold,Text,2.3622652966817275,2.3622652966817275
cthulhu,Text,2.306676835199766,2.306676835199766
edm,Text,-2.269783242294892,2.269783242294892
christmas tree,Text,-2.2518000090771304,2.2518000090771304
5e,Text,2.20576798080523,2.20576798080523
screenplay,Text,-2.1992333832362805,2.1992333832362805
degree show,Text,2.142330880971941,2.142330880971941
lovecraft,Text,2.1284211584734325,2.1284211584734325
cheesecake,Text,-2.0849547180487895,2.0849547180487895
fastest,Text,2.025261827448158,2.025261827448158
new age,Text,-2.0202107928441686,2.0202107928441686
community supported,Text,2.007441045500362,2.007441045500362
childrens,Text,-1.99936621069968,1.99936621069968
goal_log,Numeric,1.9948599197915071,1.9948599197915071
poverty,Text,-1.981116907513647,1.981116907513647
3d printer,Text,1.9778014791116696,1.9778014791116696
finishing fund,Text,1.9692535433630824,1.9692535433630824
walsh,Text,1.9426635936053294,1.9426635936053294
homemade,Text,-1.9426435864930887,1.9426435864930887
residency,Text,1.9322304864113296,1.9322304864113296
arctic,Text,1.905617785867366,1.905617785867366
career,Text,-1.9027856996320838,1.9027856996320838
timer,Text,-1.8932392460257375,1.8932392460257375
starting,Text,-1.8704106544971126,1.8704106544971126
new record,Text,1.8638731799229027,1.8638731799229027
promotion,Text,-1.847046179195036,1.847046179195036
titanium,Text,1.8411802911293826,1.8411802911293826
making record,Text,1.836219647187845,1.836219647187845
drug,Text,-1.8278014458816714,1.8278014458816714
pebble,Text,1.8277237072054686,1.8277237072054686
stretch,Text,1.8107628612541238,1.8107628612541238
titled,Text,-1.8062940982979145,1.8062940982979145
miniature game,Text,1.8052171996449802,1.8052171996449802
new film,Text,1.7878722395760616,1.7878722395760616
ethical,Text,1.7860552381926962,1.7860552381926962
pic,Text,-1.7654929492982137,1.7654929492982137
currency_JPY,Category,-1.7551127422795627,1.7551127422795627
country_JP,Category,-1.7551127422795627,1.7551127422795627
length documentary,Text,1.7373640429429147,1.7373640429429147
smallest,Text,1.737137454510457,1.737137454510457
florida,Text,-1.7356853845356723,1.7356853845356723
recording studio,Text,-1.7317097603024298,1.7317097603024298
mini series,Text,-1.7303528025623616,1.7303528025623616
audio book,Text,-1.7251180604197116,1.7251180604197116
smartest,Text,1.7243456871995724,1.7243456871995724
cleaner,Text,-1.7207316866750946,1.7207316866750946
book series,Text,-1.7111779637077646,1.7111779637077646
bfa,Text,1.7067833462108006,1.7067833462108006
dj,Text,-1.6950336393617653,1.6950336393617653
sxsw,Text,1.6936078867922253,1.6936078867922253
manga,Text,-1.6735145112079903,1.6735145112079903
reminder,Text,-1.6663925643702442,1.6663925643702442
spinning top,Text,1.6652944800918843,1.6652944800918843
brewing,Text,1.6588032171590723,1.6588032171590723
pre order,Text,1.6540884361858317,1.6540884361858317
watch,Text,1.6494743161232095,1.6494743161232095
wood fired,Text,1.6489845117357929,1.6489845117357929
drinking game,Text,-1.6431381771654363,1.6431381771654363
reimagined,Text,1.642110852041242,1.642110852041242
chess,Text,-1.6406871806235535,1.6406871806235535
budget,Text,-1.637579806792207,1.637579806792207
trump,Text,-1.6318156044820014,1.6318156044820014
promote,Text,-1.6288106216557832,1.6288106216557832
success,Text,-1.6173568188456533,1.6173568188456533
reissue,Text,1.6171491921080916,1.6171491921080916
fried,Text,-1.616621113484718,1.616621113484718
fourth,Text,1.6153982989164786,1.6153982989164786
subscription box,Text,-1.613416453002083,1.613416453002083
rustic,Text,-1.611664237930398,1.611664237930398
world best,Text,1.610430412827738,1.610430412827738
thesis,Text,1.6065353149841717,1.6065353149841717
pokemon,Text,-1.6061745322100058,1.6061745322100058
personalized,Text,-1.6001430407520065,1.6001430407520065
carabiner,Text,1.599043865347475,1.599043865347475
marijuana,Text,-1.5965282728782182,1.5965282728782182
mac linux,Text,1.5907209016470079,1.5907209016470079
salad,Text,-1.5860656690837516,1.5860656690837516
coding,Text,1.5847619666964354,1.5847619666964354
promoting,Text,-1.5787691672656203,1.5787691672656203
prototype,Text,-1.5786408878522056,1.5786408878522056
alzheimer,Text,-1.5782636339045086,1.5782636339045086
viral,Text,-1.5776122454009194,1.5776122454009194
playing card,Text,1.5770673567610949,1.5770673567610949
blog,Text,-1.5769612039286975,1.5769612039286975
python,Text,1.572768417087292,1.572768417087292
world smartest,Text,1.5721387250504038,1.5721387250504038
cannabis,Text,-1.5670145954289256,1.5670145954289256
lawn,Text,-1.5669775977147586,1.5669775977147586
brandon,Text,-1.5616234239018902,1.5616234239018902
promo,Text,-1.5558384773092093,1.5558384773092093
coffee table,Text,-1.5557611193322192,1.5557611193322192
awareness,Text,-1.5492411172111615,1.5492411172111615
purse,Text,-1.5369342558665322,1.5369342558665322
pen,Text,1.5316507875043583,1.5316507875043583
website,Text,-1.5242029349646828,1.5242029349646828
item,Text,-1.5228288805495307,1.5228288805495307
meme,Text,-1.521191827446817,1.521191827446817
bumper,Text,-1.5189960908966427,1.5189960908966427
new studio,Text,1.5139772239912965,1.5139772239912965
golf,Text,-1.5122365679769323,1.5122365679769323
reinvented,Text,1.51062684652883,1.51062684652883
reversible,Text,1.5088809348399126,1.5088809348399126
currency_GBP,Category,1.5036804815705676,1.5036804815705676
fantasy football,Text,1.4950827041103292,1.4950827041103292
want make,Text,-1.494859142280815,1.494859142280815
post production,Text,1.4899132505978174,1.4899132505978174
mechanical,Text,1.4894835674231506,1.4894835674231506
orbit,Text,1.488806908456836,1.488806908456836
easily,Text,-1.4869959554742673,1.4869959554742673
celebrity,Text,-1.4852226782462896,1.4852226782462896
automotive,Text,-1.4850707553672555,1.4850707553672555
laugh,Text,-1.4795692239349327,1.4795692239349327
new full,Text,1.4760468713098507,1.4760468713098507
non profit,Text,-1.4754143309194117,1.4754143309194117
miniature,Text,1.4650924816089494,1.4650924816089494
songwriter,Text,-1.4636781574165674,1.4636781574165674
meter,Text,1.459504046076637,1.459504046076637
football,Text,-1.4577104003114933,1.4577104003114933
develop,Text,-1.4559590627182155,1.4559590627182155
mercy,Text,1.4530266385231414,1.4530266385231414
xbox,Text,-1.4500508395396448,1.4500508395396448
cappella,Text,1.446913348989425,1.446913348989425
make album,Text,1.446639104294499,1.446639104294499
sport,Text,-1.4455125137926532,1.4455125137926532
length record,Text,1.4421235570492839,1.4421235570492839
brighton,Text,1.4407860357574072,1.4407860357574072
com,Text,-1.4387868808364526,1.4387868808364526
rock album,Text,-1.434028471982961,1.434028471982961
christian,Text,-1.4301394821300637,1.4301394821300637
romantic comedy,Text,1.4286800129040182,1.4286800129040182
entry,Text,-1.4271687480187993,1.4271687480187993
sketchbook,Text,1.425194768759411,1.425194768759411
organic farm,Text,-1.413235661023592,1.413235661023592
roleplaying game,Text,1.405067142650068,1.405067142650068
product,Text,-1.4022268287485222,1.4022268287485222
anthology,Text,1.399416786027579,1.399416786027579
omnibus,Text,1.3974908531366583,1.3974908531366583
clothing brand,Text,-1.3954742325075034,1.3954742325075034
treat,Text,-1.3954422103671176,1.3954422103671176
la vega,Text,-1.3944509525043893,1.3944509525043893
country_MX,Category,-1.3917682883478621,1.3917682883478621
currency_MXN,Category,-1.3917682883478621,1.3917682883478621
hoodie,Text,1.3897002641643044,1.3897002641643044
haunted,Text,-1.3895877602686193,1.3895877602686193
amy,Text,1.3893736817292524,1.3893736817292524
smell,Text,-1.3886019957725524,1.3886019957725524
brooklyn,Text,1.3860903713136956,1.3860903713136956
portland,Text,1.3834054554972226,1.3834054554972226
catering,Text,-1.3824314556059865,1.3824314556059865
revelation,Text,-1.3771982670353913,1.3771982670353913
baltimore,Text,1.3769056885568545,1.3769056885568545
raspberry,Text,1.3749254063456282,1.3749254063456282
category_Hip-Hop,Category,-1.374748292830594,1.374748292830594
label,Text,-1.3715328152059083,1.3715328152059083
dating,Text,-1.371260318358777,1.371260318358777
cell phone,Text,-1.3676369334916356,1.3676369334916356
world first,Text,1.3619840723529817,1.3619840723529817
oakland,Text,1.3506475969897256,1.3506475969897256
mafia,Text,-1.3463413418910388,1.3463413418910388
marketing,Text,-1.3451878703430018,1.3451878703430018
category_Mobile Games,Category,-1.342656394050119,1.342656394050119
archive,Text,1.3397220169028168,1.3397220169028168
category_Tabletop Games,Category,1.338616263168913,1.338616263168913
turn based,Text,1.3361590891651385,1.3361590891651385
entertainment,Text,-1.3355524134979175,1.3355524134979175
ron,Text,-1.3349060626301914,1.3349060626301914
art studio,Text,-1.3346618311193041,1.3346618311193041
owner,Text,-1.3259509830117513,1.3259509830117513
rooftop,Text,1.3220269463198777,1.3220269463198777
hand made,Text,-1.318619384668907,1.318619384668907
fold,Text,1.3169849447813848,1.3169849447813848
safety,Text,-1.3147051738355926,1.3147051738355926
ember,Text,1.3140769377334822,1.3140769377334822
folding,Text,1.3130421207335468,1.3130421207335468
muslim,Text,1.3129582270162075,1.3129582270162075
minecraft,Text,-1.3129281728851943,1.3129281728851943
pc mac,Text,1.3110143497173967,1.3110143497173967
donation,Text,-1.3091543214616466,1.3091543214616466
orlando,Text,-1.3056663514804758,1.3056663514804758
phone case,Text,-1.3056193264827558,1.3056193264827558
hair,Text,-1.3036565179547384,1.3036565179547384
jacket,Text,1.3021058666779346,1.3021058666779346
smarter,Text,1.3016957305759256,1.3016957305759256
google,Text,-1.3006708300759091,1.3006708300759091
gourmet,Text,-1.2985727583287248,1.2985727583287248
vota house,Text,-1.2982312218640772,1.2982312218640772
wanna,Text,-1.2981721595212607,1.2981721595212607
gallery show,Text,1.2944254942952598,1.2944254942952598
photography,Text,-1.2924514820235349,1.2924514820235349
hand painted,Text,-1.289003363559933,1.289003363559933
clothing co,Text,-1.2883600596425033,1.2883600596425033
gospel,Text,-1.285602703233811,1.285602703233811
helping,Text,-1.285400896057296,1.285400896057296
needed,Text,-1.2841154101037942,1.2841154101037942
event,Text,-1.2836767515972374,1.2836767515972374
better way,Text,-1.2812853919699303,1.2812853919699303
field guide,Text,1.280718251214522,1.280718251214522
potato,Text,-1.2806667870898862,1.2806667870898862
crochet,Text,-1.2802181933200276,1.2802181933200276
category_Photo,Category,-1.2798854999321592,1.2798854999321592
butcher,Text,1.2781711758866419,1.2781711758866419
world one,Text,-1.277558848902907,1.277558848902907
spiritual,Text,-1.2773716986403885,1.2773716986403885
usc,Text,1.2764773884562488,1.2764773884562488
kate,Text,1.2754650050483773,1.2754650050483773
backer,Text,-1.2712272267100275,1.2712272267100275
backpack,Text,1.2684753920432235,1.2684753920432235
contest,Text,-1.268078080579028,1.268078080579028
tiny house,Text,-1.2670257418993895,1.2670257418993895
cocktail,Text,1.2664622487408277,1.2664622487408277
edinburgh,Text,1.2660033258857621,1.2660033258857621
soft enamel,Text,-1.262093821597732,1.262093821597732
music video,Text,1.2618704485415377,1.2618704485415377
channel,Text,-1.2609541134875655,1.2609541134875655
iowa,Text,-1.2591158637916917,1.2591158637916917
bank,Text,-1.2589291505013724,1.2589291505013724
brand,Text,-1.2586975731329584,1.2586975731329584
supporting,Text,-1.2572303621540055,1.2572303621540055
creamery,Text,1.2565722883789894,1.2565722883789894
toilet,Text,-1.2557387580842618,1.2557387580842618
brewer,Text,1.2524567563468039,1.2524567563468039
odds,Text,-1.2488458217051062,1.2488458217051062
please help,Text,-1.248428826513979,1.248428826513979
aspiring,Text,-1.247194857053781,1.247194857053781
equipment,Text,-1.2447537556171147,1.2447537556171147
start,Text,-1.2438367087137014,1.2438367087137014
multi tool,Text,1.242965921163784,1.242965921163784
paradigm,Text,-1.2428196751391054,1.2428196751391054
confidence,Text,-1.2425783216525945,1.2425783216525945
bullying,Text,-1.2409683253506134,1.2409683253506134
cambodia,Text,1.2350413790576376,1.2350413790576376
dress,Text,1.2346425448715739,1.2346425448715739
known,Text,-1.2345590603970922,1.2345590603970922
homeless,Text,-1.2343352405956347,1.2343352405956347
interest,Text,-1.2335417349638922,1.2335417349638922
queer,Text,1.2333571309262623,1.2333571309262623
american made,Text,1.2329303511111334,1.2329303511111334
mic,Text,-1.2323850193613608,1.2323850193613608
caribbean,Text,-1.2316960572591393,1.2316960572591393
virtual reality,Text,1.231567693978942,1.231567693978942
funding,Text,-1.230138380805058,1.230138380805058
cat cafe,Text,1.2288177138386052,1.2288177138386052
coffee roaster,Text,1.2273985390065316,1.2273985390065316
oral,Text,1.2262169695506868,1.2262169695506868
molly,Text,1.2255394433641333,1.2255394433641333
reinventing,Text,1.2209914412540432,1.2209914412540432
rfid,Text,1.2200618169708572,1.2200618169708572
enthusiast,Text,-1.2198811194555006,1.2198811194555006
one kind,Text,-1.219379885779031,1.219379885779031
art nude,Text,1.218590426333088,1.218590426333088
art book,Text,1.2169996123478084,1.2169996123478084
fringenyc,Text,1.211666693593651,1.211666693593651
streetwear,Text,-1.2115811460875687,1.2115811460875687
earbuds,Text,1.2099635219061975,1.2099635219061975
smart,Text,1.2098852692388218,1.2098852692388218
collected,Text,1.2080168607369215,1.2080168607369215
puppy,Text,-1.2065856819866427,1.2065856819866427
based true,Text,-1.2062942190207482,1.2062942190207482
hip hop,Text,-1.203431846057933,1.203431846057933
textile,Text,1.202520281003688,1.202520281003688
tm,Text,-1.2020917389624237,1.2020917389624237
ruby,Text,1.201102898529622,1.201102898529622
donald,Text,-1.1991291068339471,1.1991291068339471
record first,Text,-1.1989068451784106,1.1989068451784106
rachel,Text,1.1973747029315631,1.1973747029315631
swift,Text,1.1946801186852782,1.1946801186852782
protective,Text,-1.1939519146679325,1.1939519146679325
passage,Text,1.193763672024444,1.193763672024444
filming,Text,-1.1918336331140855,1.1918336331140855
high performance,Text,1.1899767028486505,1.1899767028486505
european tour,Text,1.1897541982846875,1.1897541982846875
cycling,Text,1.1884040880422608,1.1884040880422608
atlas,Text,1.1868626390279429,1.1868626390279429
understanding,Text,-1.1859685098066,1.1859685098066
und,Text,-1.1858762774093372,1.1858762774093372
category_Chiptune,Category,1.1852595449773498,1.1852595449773498
suitcase,Text,1.1851282674966777,1.1851282674966777
tarot,Text,1.1851075884645026,1.1851075884645026
pound,Text,-1.1846501533161304,1.1846501533161304
exhibition,Text,1.184057738033135,1.184057738033135
themed,Text,-1.1838048852273022,1.1838048852273022
novel series,Text,-1.1829985287412437,1.1829985287412437
safari,Text,1.1821378692457383,1.1821378692457383
skin care,Text,-1.1798462707216433,1.1798462707216433
medical,Text,-1.1797938923435396,1.1797938923435396
mmorpg,Text,-1.1788623267678646,1.1788623267678646
hammock,Text,1.1766538271684708,1.1766538271684708
reprint,Text,1.174883315133854,1.174883315133854
wound,Text,-1.1745357888127337,1.1745357888127337
spring summer,Text,-1.173419340842254,1.173419340842254
category_Apps,Category,-1.1730328015894451,1.1730328015894451
selling,Text,-1.1729347896929627,1.1729347896929627
patent,Text,-1.17279979870279,1.17279979870279
rag,Text,-1.1713808033069342,1.1713808033069342
v2,Text,1.1713006204369345,1.1713006204369345
warfare,Text,-1.1691567427502927,1.1691567427502927
lightweight,Text,-1.1688239312299364,1.1688239312299364
tattoo,Text,-1.1685475096595628,1.1685475096595628
category_Residencies,Category,1.1670307547307461,1.1670307547307461
shopping,Text,-1.1669827042500769,1.1669827042500769
review,Text,-1.1669113789043788,1.1669113789043788
standing desk,Text,1.1660000576885416,1.1660000576885416
original art,Text,-1.1657351716339381,1.1657351716339381
recycle,Text,-1.1636568229739417,1.1636568229739417
denim,Text,1.1634162438494475,1.1634162438494475
sexy,Text,-1.1626252655599507,1.1626252655599507
help create,Text,-1.1608971454165453,1.1608971454165453
image,Text,-1.1553817429285687,1.1553817429285687
deluxe,Text,1.1540798327990642,1.1540798327990642
short documentary,Text,1.1540031200046412,1.1540031200046412
desktop,Text,1.1517254500800125,1.1517254500800125
saver,Text,-1.15166126000399,1.15166126000399
canvas,Text,-1.1493404119274584,1.1493404119274584
peanut butter,Text,-1.1485739043692442,1.1485739043692442
vol fine,Text,1.148212895008042,1.148212895008042
cupcake,Text,-1.147825164907107,1.147825164907107
jerry,Text,-1.1475080455980344,1.1475080455980344
heavy metal,Text,-1.1467358596668353,1.1467358596668353
abstract,Text,-1.1462259803455548,1.1462259803455548
food cart,Text,1.146191848913104,1.146191848913104
relaunch,Text,1.1447506161761973,1.1447506161761973
help support,Text,-1.143564386143729,1.143564386143729
enamel,Text,1.1430154085417057,1.1430154085417057
startup,Text,-1.1428478210810797,1.1428478210810797
category_Literary Spaces,Category,1.142145829268614,1.142145829268614
vega,Text,-1.1392802061187368,1.1392802061187368
opportunity,Text,-1.1390497708183926,1.1390497708183926
circuit,Text,1.1367874204951158,1.1367874204951158
custom,Text,-1.136090687447902,1.136090687447902
abuse,Text,-1.1351459422692702,1.1351459422692702
second chance,Text,-1.1341343630799194,1.1341343630799194
realistic,Text,-1.1336622651340829,1.1336622651340829
camera,Text,1.1336320474588562,1.1336320474588562
veteran,Text,-1.132569391944002,1.132569391944002
omega,Text,-1.1323845103947825,1.1323845103947825
essay,Text,1.1312220465971525,1.1312220465971525
cost,Text,-1.131192485530736,1.131192485530736
gig,Text,-1.129543992153505,1.129543992153505
launching,Text,-1.126955773587596,1.126955773587596
reggae,Text,-1.1250086949941869,1.1250086949941869
llc,Text,-1.1247359323864816,1.1247359323864816
delight,Text,-1.1245440964623448,1.1245440964623448
zine,Text,1.1244060559961717,1.1244060559961717
extended,Text,1.1242297571330688,1.1242297571330688
mate,Text,-1.1232099387615737,1.1232099387615737
turning,Text,-1.1229481591659543,1.1229481591659543
underwear,Text,1.121946153546896,1.121946153546896
perfection,Text,-1.1215338917250333,1.1215338917250333
dice game,Text,-1.121317698853457,1.121317698853457
producer,Text,-1.1211234286243017,1.1211234286243017
teeth,Text,1.1186191681112245,1.1186191681112245
clothing,Text,-1.1184753844042046,1.1184753844042046
filament,Text,1.1183148221136188,1.1183148221136188
bottom,Text,-1.118058598062375,1.118058598062375
creation,Text,-1.1163263535172456,1.1163263535172456
etc,Text,-1.1155868827802664,1.1155868827802664
net,Text,-1.1148091349445228,1.1148091349445228
clothing company,Text,-1.114462384070184,1.114462384070184
new album,Text,1.1126400191614254,1.1126400191614254
migration,Text,1.1124078309626622,1.1124078309626622
film project,Text,-1.1070364560037849,1.1070364560037849
artwork,Text,-1.1058191577184908,1.1058191577184908
fps,Text,-1.1056568162039742,1.1056568162039742
hello,Text,1.1044307601669123,1.1044307601669123
stock,Text,-1.103673485212455,1.103673485212455
sponsor,Text,-1.1034740053977259,1.1034740053977259
zombie apocalypse,Text,-1.102275550875615,1.102275550875615
nerd,Text,-1.1008754836172223,1.1008754836172223
released,Text,-1.1002609860535197,1.1002609860535197
hobby,Text,-1.099887035041645,1.099887035041645
headphone,Text,1.0990816970200479,1.0990816970200479
genuine,Text,-1.0978093759313206,1.0978093759313206
category_Camera Equipment,Category,1.0963012925608933,1.0963012925608933
real life,Text,-1.0959576218491114,1.0959576218491114
haunted house,Text,-1.0955893250242106,1.0955893250242106
smart phone,Text,-1.0927400328828116,1.0927400328828116
art gallery,Text,-1.0908105273394473,1.0908105273394473
drinking,Text,-1.0907477937103114,1.0907477937103114
healthy,Text,-1.0897729412645625,1.0897729412645625
bitter,Text,1.0886760980257912,1.0886760980257912
dramatic,Text,-1.0884122709841175,1.0884122709841175
lgbtq,Text,1.0879542463937892,1.0879542463937892
chick,Text,-1.0873347302211593,1.0873347302211593
hot sauce,Text,1.087160559229725,1.087160559229725
individual,Text,-1.0867815464042487,1.0867815464042487
mommy,Text,-1.0816554268292915,1.0816554268292915
category_Sound,Category,1.081043873277621,1.081043873277621
category_Web,Category,-1.079999084577278,1.079999084577278
keeping,Text,-1.0782031969997752,1.0782031969997752
graphic design,Text,1.0780886470474786,1.0780886470474786
poop,Text,-1.0780388844306072,1.0780388844306072
mortar,Text,1.0776053829866277,1.0776053829866277
hardcover,Text,1.0769451101961538,1.0769451101961538
enchanted,Text,-1.0743340324029442,1.0743340324029442
news,Text,-1.0737046776722468,1.0737046776722468
protect,Text,-1.0723063371461476,1.0723063371461476
royalty,Text,-1.071314702362352,1.071314702362352
ministry,Text,-1.0693125890301312,1.0693125890301312
pre sale,Text,1.0690936734311436,1.0690936734311436
cuisine,Text,-1.0677428508160467,1.0677428508160467
letterpress,Text,1.067738719496081,1.067738719496081
worldwide,Text,-1.0671673434995972,1.0671673434995972
fun,Text,-1.064903120535389,1.064903120535389
thru,Text,-1.064621274723743,1.064621274723743
house party,Text,-1.063573031538326,1.063573031538326
biggest,Text,-1.063068692012994,1.063068692012994
masterpiece,Text,-1.0619019295332468,1.0619019295332468
sell,Text,-1.0615407420454552,1.0615407420454552
legging,Text,1.060706434190398,1.060706434190398
cyberpunk,Text,1.0604582053400606,1.0604582053400606
continues,Text,1.0593654025227972,1.0593654025227972
eleven,Text,-1.0568462558321254,1.0568462558321254
oak,Text,1.0562013162629988,1.0562013162629988
slim,Text,1.0542350571597887,1.0542350571597887
business,Text,-1.0540731353246782,1.0540731353246782
child story,Text,-1.052717139010189,1.052717139010189
lid,Text,-1.052074378054092,1.052074378054092
father son,Text,-1.0516315519024326,1.0516315519024326
hearing,Text,1.0510959838196117,1.0510959838196117
fifth,Text,1.0507988138913908,1.0507988138913908
vermont,Text,1.0495796718514117,1.0495796718514117
volume,Text,1.048472226449836,1.048472226449836
category_Video,Category,-1.0484290855707616,1.0484290855707616
plush,Text,1.0481220508054443,1.0481220508054443
farm,Text,1.0455741058440193,1.0455741058440193
marshmallow,Text,1.0455332948761624,1.0455332948761624
quote,Text,-1.0444919564544075,1.0444919564544075
vota,Text,-1.0441643197141142,1.0441643197141142
boutique,Text,-1.0428147282666471,1.0428147282666471
vinyl sticker,Text,1.0394968165889726,1.0394968165889726
rhino,Text,1.038990298379223,1.038990298379223
emily,Text,1.0386164572221146,1.0386164572221146
crossing,Text,1.038242707055493,1.038242707055493
lot,Text,1.0381170848870582,1.0381170848870582
period,Text,1.0372604947333284,1.0372604947333284
opus,Text,1.0367891689013082,1.0367891689013082
chainmail,Text,1.0363315603960754,1.0363315603960754
economy,Text,1.0359419767103963,1.0359419767103963
brigade,Text,1.0354620847139893,1.0354620847139893
reaper,Text,-1.0353437854907441,1.0353437854907441
insanity,Text,-1.03502789771894,1.03502789771894
table top,Text,-1.0332756691467224,1.0332756691467224
pant,Text,1.0307645574545548,1.0307645574545548
edition,Text,1.0305614450541942,1.0305614450541942
selfie,Text,-1.02915120471313,1.02915120471313
reborn,Text,-1.0291259400520498,1.0291259400520498
cable,Text,1.0266797842514879,1.0266797842514879
posture,Text,1.0263365618305644,1.0263365618305644
feminist,Text,1.0259183220037102,1.0259183220037102
currency_SEK,Category,-1.025680806486994,1.025680806486994
diet,Text,-1.0243114689997184,1.0243114689997184
pet,Text,-1.0242672448910028,1.0242672448910028
brand new,Text,1.0240853914787635,1.0240853914787635
sunny,Text,-1.0225935675344249,1.0225935675344249
redefining,Text,1.0219901373340687,1.0219901373340687
change world,Text,-1.0214772689854064,1.0214772689854064
christ,Text,-1.0207468027941844,1.0207468027941844
solar powered,Text,-1.0201609628933115,1.0201609628933115
wearable,Text,1.0196123834206374,1.0196123834206374
studio album,Text,1.0195064991469502,1.0195064991469502
baked,Text,-1.0194065931017073,1.0194065931017073
next big,Text,-1.018149541885224,1.018149541885224
feature length,Text,-1.0174770749916744,1.0174770749916744
cosmetic,Text,-1.0159672970145024,1.0159672970145024
femme,Text,1.0133735319989736,1.0133735319989736
little free,Text,1.0128393392053654,1.0128393392053654
pathfinder,Text,1.0113031196876157,1.0113031196876157
iceland,Text,1.0092728280499401,1.0092728280499401
nouveau,Text,1.0087144757876891,1.0087144757876891
public art,Text,1.0086937878348774,1.0086937878348774
cartoon,Text,-1.0076498744549585,1.0076498744549585
subtle angel,Text,1.0071572299642608,1.0071572299642608
bass,Text,-1.0064083247506752,1.0064083247506752
dedicated,Text,-1.005798935393605,1.005798935393605
knife,Text,1.0056722652383265,1.0056722652383265
gang,Text,-1.005536403263771,1.005536403263771
new life,Text,-1.004833565568533,1.004833565568533
game cafe,Text,1.0033658998795794,1.0033658998795794
extreme,Text,-1.003036972323507,1.003036972323507
plane,Text,-1.0028485103307658,1.0028485103307658
rage,Text,-1.0026508999381318,1.0026508999381318
length studio,Text,1.0016951289223517,1.0016951289223517
progressive,Text,-1.0010474043375632,1.0010474043375632
volume two,Text,0.9999077710311556,0.9999077710311556
emergency,Text,-0.9994107917192705,0.9994107917192705
vehicle,Text,-0.9972335517858438,0.9972335517858438
jane,Text,0.9964657842750497,0.9964657842750497
ba,Text,0.9960429658170155,0.9960429658170155
recipe,Text,-0.9955300144604916,0.9955300144604916
horror comic,Text,0.9940632312943383,0.9940632312943383
paint,Text,-0.9929511329657966,0.9929511329657966
chili,Text,-0.9924685744138104,0.9924685744138104
suspense,Text,-0.9923066185812118,0.9923066185812118
dream come,Text,-0.9903034372484458,0.9903034372484458
advanced,Text,0.9897623296158619,0.9897623296158619
furniture,Text,-0.9892453860649635,0.9892453860649635
looking,Text,-0.9889805416719668,0.9889805416719668
bbq,Text,-0.9889016066660392,0.9889016066660392
dance project,Text,0.9888649290177645,0.9888649290177645
afraid,Text,0.9888030692111844,0.9888030692111844
reality show,Text,-0.9885966448577252,0.9885966448577252
largest,Text,-0.9879173649882564,0.9879173649882564
hot dog,Text,-0.9878783708872247,0.9878783708872247
motivation,Text,-0.9873847006158291,0.9873847006158291
next generation,Text,0.9864808885977114,0.9864808885977114
financial,Text,-0.9863488136172213,0.9863488136172213
holder,Text,-0.9847214592289742,0.9847214592289742
reality,Text,-0.9844193406672479,0.9844193406672479
based,Text,-0.9839998474579983,0.9839998474579983
magnetic,Text,0.9833063481770716,0.9833063481770716
subtle,Text,0.9828021439599419,0.9828021439599419
addiction,Text,-0.9826602717181835,0.9826602717181835
second album,Text,0.9817865374789976,0.9817865374789976
use,Text,-0.98163852461302,0.98163852461302
katie,Text,0.9813819932822143,0.9813819932822143
comic series,Text,-0.9805361023208775,0.9805361023208775
fiction novel,Text,-0.9804066330950006,0.9804066330950006
sunglass,Text,0.9801971125277368,0.9801971125277368
ufo,Text,-0.9794344304227909,0.9794344304227909
kim,Text,0.9786961773387963,0.9786961773387963
lantern,Text,0.9773325679682763,0.9773325679682763
improve,Text,0.9765371197694982,0.9765371197694982
bully,Text,-0.9761755738478091,0.9761755738478091
merch,Text,-0.9758458404424571,0.9758458404424571
slim wallet,Text,0.9752078673078329,0.9752078673078329
ep music,Text,-0.9749358380762406,0.9749358380762406
tabletop game,Text,-0.9739041485630315,0.9739041485630315
monitoring,Text,-0.9737672680201134,0.9737672680201134
zombie survival,Text,-0.9733665851558947,0.9733665851558947
petite,Text,0.9732419362177821,0.9732419362177821
sitcom,Text,0.9727866917759029,0.9727866917759029
deli,Text,-0.9726903411551544,0.9726903411551544
comedy film,Text,-0.9723415984864883,0.9723415984864883
bath,Text,-0.9717259666237649,0.9717259666237649
yr,Text,-0.9716786037582543,0.9716786037582543
network,Text,-0.9713178955313471,0.9713178955313471
cast,Text,0.9710386015145182,0.9710386015145182
expression,Text,-0.9695504143466476,0.9695504143466476
networking,Text,-0.9684817581073645,0.9684817581073645
connected,Text,0.9680829658432386,0.9680829658432386
category_Candles,Category,-0.9674516510395083,0.9674516510395083
supported,Text,0.9671210556799278,0.9671210556799278
jesus,Text,-0.9663235786126254,0.9663235786126254
sasquatch,Text,-0.964873060379706,0.964873060379706
wait,Text,0.9646406914002743,0.9646406914002743
octopus,Text,0.9641960875704533,0.9641960875704533
cabinet,Text,-0.9640500717424638,0.9640500717424638
service,Text,-0.9634166193496616,0.9634166193496616
challenge,Text,-0.9617304410556393,0.9617304410556393
civil war,Text,-0.961719084108604,0.961719084108604
talent,Text,-0.9611885784572654,0.9611885784572654
documentary feature,Text,0.9611551666074151,0.9611551666074151
music album,Text,-0.9610783438250972,0.9610783438250972
australian,Text,-0.9605940166509281,0.9605940166509281
army,Text,-0.9605784335999517,0.9605784335999517
season,Text,0.9602042950516781,0.9602042950516781
brewing company,Text,0.9593853520147487,0.9593853520147487
permaculture,Text,0.958622929552476,0.958622929552476
lou,Text,0.9584840854915511,0.9584840854915511
distribution,Text,-0.9568805990161319,0.9568805990161319
beginning,Text,-0.9561496201579828,0.9561496201579828
anna,Text,0.9560418273437008,0.9560418273437008
memphis,Text,-0.9557996559536014,0.9557996559536014
slave,Text,-0.9557236865021591,0.9557236865021591
mining,Text,-0.9548341239664954,0.9548341239664954
september,Text,0.9548302297072752,0.9548302297072752
bipolar,Text,-0.9547617437195921,0.9547617437195921
pilgrim,Text,0.9542560062931302,0.9542560062931302
calm,Text,-0.9533476377428642,0.9533476377428642
surviving,Text,-0.9530377588585937,0.9530377588585937
makerspace,Text,0.9526701709474347,0.9526701709474347
carry,Text,0.9525609486489945,0.9525609486489945
motor,Text,-0.9519446040270079,0.9519446040270079
powerful,Text,0.9517564031171727,0.9517564031171727
case,Text,-0.9516880779658923,0.9516880779658923
moore,Text,0.9508677952278133,0.9508677952278133
first record,Text,0.9504316107080383,0.9504316107080383
existence,Text,-0.949242878736808,0.949242878736808
movie project,Text,-0.9490670533672645,0.9490670533672645
sf,Text,0.9490664039781286,0.9490664039781286
installation,Text,0.9482133918330237,0.9482133918330237
ai,Text,0.9481921689769043,0.9481921689769043
suck,Text,-0.9481058281823453,0.9481058281823453
grow,Text,0.9479293676901757,0.9479293676901757
discover,Text,-0.9475241922942941,0.9475241922942941
want,Text,-0.9472409445284835,0.9472409445284835
category_Classical Music,Category,0.9467124770673376,0.9467124770673376
salsa,Text,-0.944517800292623,0.944517800292623
hydroponic,Text,-0.9444556537297639,0.9444556537297639
tabletop rpg,Text,-0.9444099376745658,0.9444099376745658
ambition,Text,-0.9441353350808972,0.9441353350808972
go tour,Text,0.9435225621461159,0.9435225621461159
first time,Text,-0.9431273303014757,0.9431273303014757
publishing,Text,-0.9423037132820702,0.9423037132820702
richmond,Text,0.9380742672892106,0.9380742672892106
currency_USD,Category,0.9374071312235139,0.9374071312235139
social medium,Text,-0.9362358295831997,0.9362358295831997
demo,Text,-0.9358339264588563,0.9358339264588563
video,Text,-0.9352271085363969,0.9352271085363969
seeking,Text,-0.934014110579414,0.934014110579414
leather good,Text,0.9337356545888725,0.9337356545888725
passion,Text,-0.9336641396848813,0.9336641396848813
started,Text,-0.9336166126578814,0.9336166126578814
hymn,Text,0.9335339123269387,0.9335339123269387
oracle,Text,0.9323512745751228,0.9323512745751228
fiber,Text,0.93232129623177,0.93232129623177
deal,Text,-0.9303209135237639,0.9303209135237639
rich,Text,-0.9296489163284384,0.9296489163284384
release first,Text,-0.9291527075065203,0.9291527075065203
core,Text,0.9289859084564224,0.9289859084564224
recycling,Text,-0.9287438908643617,0.9287438908643617
apple watch,Text,-0.9273158536148923,0.9273158536148923
get new,Text,0.9264647121443065,0.9264647121443065
dirt,Text,-0.926397951489569,0.926397951489569
guidebook,Text,0.9260105219220807,0.9260105219220807
production,Text,-0.9259959775084096,0.9259959775084096
direct,Text,-0.9257377764347933,0.9257377764347933
storytelling,Text,0.9252368600167843,0.9252368600167843
reason,Text,-0.924512991329047,0.924512991329047
anne,Text,0.9233237914420573,0.9233237914420573
weed,Text,-0.9232582710213757,0.9232582710213757
category_Letterpress,Category,0.9221097058180728,0.9221097058180728
drama,Text,-0.9219870759835995,0.9219870759835995
super hero,Text,-0.9219818424385114,0.9219818424385114
basketball,Text,-0.9197263187998198,0.9197263187998198
scottish,Text,0.9194503828065921,0.9194503828065921
gotta,Text,-0.9181970163589595,0.9181970163589595
series book,Text,-0.9180637894265115,0.9180637894265115
publish book,Text,-0.9172680356059886,0.9172680356059886
aid,Text,-0.9161664846195678,0.9161664846195678
animated series,Text,-0.9150682240807405,0.9150682240807405
mead,Text,0.91450942763545,0.91450942763545
gender,Text,0.9142181971248179,0.9142181971248179
lip,Text,-0.9135595107499118,0.9135595107499118
fitness,Text,-0.9133624418826818,0.9133624418826818
independent film,Text,-0.9125117620436325,0.9125117620436325
dimension,Text,-0.9119522385726206,0.9119522385726206
shooter,Text,-0.9111771576174458,0.9111771576174458
melissa,Text,0.9102192302948999,0.9102192302948999
adventurer,Text,0.9094148714310658,0.9094148714310658
scale,Text,-0.9092968333004526,0.9092968333004526
parody,Text,-0.9092321287699499,0.9092321287699499
award,Text,-0.909115626560217,0.909115626560217
brass,Text,0.9089435565226263,0.9089435565226263
poetic,Text,-0.9086581242227864,0.9086581242227864
trek,Text,0.9068580283751568,0.9068580283751568
sea,Text,0.9065139865787931,0.9065139865787931
fred,Text,0.9051896366064258,0.9051896366064258
couture,Text,-0.9049980077420323,0.9049980077420323
gaming,Text,-0.9048279742773652,0.9048279742773652
pint,Text,0.9046756029486404,0.9046756029486404
artist residency,Text,0.9043239726605108,0.9043239726605108
earphone,Text,0.9035932133971633,0.9035932133971633
potato salad,Text,-0.9030411868549638,0.9030411868549638
management,Text,-0.9025074297757921,0.9025074297757921
karen,Text,0.9022770629014197,0.9022770629014197
uk,Text,-0.9017786460763528,0.9017786460763528
webcomic,Text,-0.9012053463683918,0.9012053463683918
werewolf,Text,0.9003443847598966,0.9003443847598966
grief,Text,0.9001422451283733,0.9001422451283733
sherlock,Text,0.900074810639882,0.900074810639882
praise,Text,-0.8991165821852034,0.8991165821852034
san francisco,Text,0.8986126849278333,0.8986126849278333
motorcycle,Text,-0.8981432878078714,0.8981432878078714
ep album,Text,-0.8969291801113951,0.8969291801113951
development,Text,-0.8959286336510547,0.8959286336510547
traveller,Text,0.8950439103602724,0.8950439103602724
art car,Text,0.8944243833027133,0.8944243833027133
fry,Text,-0.8941461521770999,0.8941461521770999
quarterly,Text,0.8936604789765236,0.8936604789765236
harlem,Text,-0.8931495961906092,0.8931495961906092
immortal,Text,-0.891316836462986,0.891316836462986
disney,Text,-0.8911898187015056,0.8911898187015056
picture book,Text,0.8904000570963901,0.8904000570963901
evolved,Text,0.8900158683839284,0.8900158683839284
ticket,Text,-0.8893308771875345,0.8893308771875345
affair,Text,0.8889860599955168,0.8889860599955168
climate,Text,0.8864487146361856,0.8864487146361856
rare,Text,0.8863127622968009,0.8863127622968009
documentary film,Text,0.8853565127081843,0.8853565127081843
solid,Text,-0.8851878068211303,0.8851878068211303
genesis,Text,-0.8844735015583185,0.8844735015583185
olivia,Text,-0.8841313869170668,0.8841313869170668
double,Text,0.8840368589204662,0.8840368589204662
berlin,Text,0.882878755904582,0.882878755904582
waffle,Text,-0.8825714903588568,0.8825714903588568
relationship,Text,-0.8825211997591815,0.8825211997591815
survival,Text,-0.8813861751135377,0.8813861751135377
average,Text,-0.8794200073896443,0.8794200073896443
radio,Text,-0.8789257538333678,0.8789257538333678
smartwatch,Text,0.8788031022469144,0.8788031022469144
goal,Numeric,-0.8781259961381954,0.8781259961381954
travis,Text,0.8773083362427708,0.8773083362427708
upcycled,Text,-0.8772849171221407,0.8772849171221407
grows,Text,0.8741898745579799,0.8741898745579799
activity,Text,-0.8739521485132568,0.8739521485132568
commercial,Text,-0.873897795068039,0.873897795068039
goose,Text,0.8736316545428898,0.8736316545428898
memorial,Text,-0.8722004177427867,0.8722004177427867
status,Text,-0.8718273053041938,0.8718273053041938
3d printed,Text,-0.8718235260301961,0.8718235260301961
fearless,Text,0.8709459529310654,0.8709459529310654
country_NO,Category,-0.869908572391692,0.869908572391692
jenny,Text,0.8695178583043037,0.8695178583043037
graduate,Text,0.8692147712817017,0.8692147712817017
rat,Text,-0.8690816229192705,0.8690816229192705
riot,Text,0.8688415255170333,0.8688415255170333
cooperative,Text,0.8684998026004598,0.8684998026004598
flex,Text,-0.868087373196919,0.868087373196919
obama,Text,-0.8678351165942635,0.8678351165942635
illusion,Text,-0.867627798477635,0.867627798477635
help bring,Text,-0.8665077747876772,0.8665077747876772
crack,Text,-0.8665075119641188,0.8665075119641188
35mm,Text,0.8662299970787032,0.8662299970787032
trip,Text,-0.8656485747625776,0.8656485747625776
dream reality,Text,-0.8650935144261593,0.8650935144261593
craft beer,Text,0.8633930420338312,0.8633930420338312
literature,Text,0.8632979676421118,0.8632979676421118
heal,Text,-0.8632489384585674,0.8632489384585674
savage,Text,0.8627124991846219,0.8627124991846219
browser,Text,-0.8625169032517709,0.8625169032517709
freedom,Text,-0.8621409875319784,0.8621409875319784
minimal,Text,0.8616588498760838,0.8616588498760838
spark,Text,0.8616192048559338,0.8616192048559338
glow dark,Text,-0.8611390840690643,0.8611390840690643
directed,Text,0.8610589784617313,0.8610589784617313
stop motion,Text,0.8609669570961598,0.8609669570961598
kung,Text,0.8604730644474003,0.8604730644474003
triangle,Text,-0.8599976216554976,0.8599976216554976
scotland,Text,-0.8594002622710393,0.8594002622710393
pottery,Text,-0.8592619797091513,0.8592619797091513
car,Text,-0.8586822001332083,0.8586822001332083
around world,Text,-0.8586455610987983,0.8586455610987983
stealth,Text,0.8575668999550268,0.8575668999550268
script,Text,-0.8566967541880811,0.8566967541880811
user,Text,-0.8566904353462698,0.8566904353462698
bro,Text,-0.8564384575406269,0.8564384575406269
game,Text,-0.8561828894208922,0.8561828894208922
category_Dance,Category,0.8542367719840599,0.8542367719840599
ghetto,Text,-0.8536788858447683,0.8536788858447683
artbook,Text,0.8536707113330854,0.8536707113330854
toolkit,Text,0.853633389674453,0.853633389674453
vinyl release,Text,-0.8531170759150747,0.8531170759150747
shape,Text,0.8530515035710364,0.8530515035710364
martial,Text,-0.8529838763887458,0.8529838763887458
turbine,Text,-0.8525253500631127,0.8525253500631127
check,Text,-0.852359209030862,0.852359209030862
press,Text,0.8520895146479747,0.8520895146479747
indoor,Text,-0.8519555346863942,0.8519555346863942
beauty,Text,-0.8494512199226998,0.8494512199226998
first full,Text,0.8493073245110756,0.8493073245110756
fashion,Text,-0.8486804087139104,0.8486804087139104
option,Text,-0.8486082605493693,0.8486082605493693
fever,Text,0.8484227643390371,0.8484227643390371
pc game,Text,-0.8480050029163421,0.8480050029163421
nepal,Text,0.8467330799519419,0.8467330799519419
hamlet,Text,0.8463714896259754,0.8463714896259754
scoop,Text,-0.8461479643358387,0.8461479643358387
location,Text,-0.8460380183584548,0.8460380183584548
course,Text,0.8460054050405197,0.8460054050405197
told,Text,-0.8459255843929894,0.8459255843929894
category_Pottery,Category,0.8447685423274494,0.8447685423274494
small business,Text,-0.8445579239828014,0.8445579239828014
political,Text,-0.844464278779144,0.844464278779144
perspective,Text,-0.8436061189887935,0.8436061189887935
disorder,Text,-0.8435726383875216,0.8435726383875216
exclusive,Text,-0.843425119583198,0.843425119583198
glove,Text,-0.8429235841636133,0.8429235841636133
season two,Text,0.8428727942160672,0.8428727942160672
indie film,Text,-0.8419401816676402,0.8419401816676402
made,Text,0.841856503380838,0.841856503380838
mod,Text,-0.8407258908274172,0.8407258908274172
capital,Text,-0.8404962747017168,0.8404962747017168
narrative,Text,0.8403249700196572,0.8403249700196572
seal,Text,-0.8399836164499335,0.8399836164499335
belt,Text,0.8395639926367241,0.8395639926367241
imaginary,Text,0.8388464870391595,0.8388464870391595
kiln,Text,0.8383217772765182,0.8383217772765182
child picture,Text,0.8372891153137565,0.8372891153137565
gluten free,Text,0.8368271767770168,0.8368271767770168
monarch,Text,0.8364498929837408,0.8364498929837408
reed,Text,0.8360522346654649,0.8360522346654649
rebecca,Text,0.8360205919419894,0.8360205919419894
mystic,Text,-0.8350714270806662,0.8350714270806662
behind,Text,-0.8349174039474058,0.8349174039474058
rebuild,Text,0.8341996825605242,0.8341996825605242
psychedelic,Text,-0.8341107752322057,0.8341107752322057
debut,Text,0.8331909945653777,0.8331909945653777
vacation,Text,-0.8324877240608478,0.8324877240608478
degree,Text,0.8320333054591075,0.8320333054591075
credit,Text,-0.8313850759392574,0.8313850759392574
wash,Text,-0.8312145877579653,0.8312145877579653
cyber,Text,-0.8312052502003076,0.8312052502003076
president,Text,-0.8311935786326844,0.8311935786326844
buddy,Text,-0.8297656166872983,0.8297656166872983
performing,Text,-0.8294273129758369,0.8294273129758369
fall winter,Text,-0.8294217455207117,0.8294217455207117
quarter,Text,0.8290883280205579,0.8290883280205579
pong,Text,-0.8290476007565651,0.8290476007565651
album recording,Text,-0.8290165815603038,0.8290165815603038
heel,Text,-0.8288879119675915,0.8288879119675915
twisted,Text,-0.8280057511944463,0.8280057511944463
reflective,Text,0.8265863142052767,0.8265863142052767
tv show,Text,-0.826422352346668,0.826422352346668
olive,Text,0.8263679402561507,0.8263679402561507
dutch,Text,-0.8262841121518136,0.8262841121518136
single,Text,-0.825960612870139,0.825960612870139
virginia,Text,-0.8256720044680638,0.8256720044680638
chamber music,Text,0.8251360138169578,0.8251360138169578
appalachian,Text,-0.8248978679321501,0.8248978679321501
unity,Text,-0.8242462508947693,0.8242462508947693
duo,Text,0.8241589947384222,0.8241589947384222
year old,Text,-0.8239962426975488,0.8239962426975488
yoga,Text,0.8227935392011989,0.8227935392011989
update,Text,-0.8221083895381579,0.8221083895381579
thesis film,Text,0.8216328942859539,0.8216328942859539
pumpkin,Text,-0.8216206114307514,0.8216206114307514
attempt,Text,-0.8212536232364673,0.8212536232364673
vi,Text,0.8211989463700462,0.8211989463700462
dice,Text,0.8203786930258682,0.8203786930258682
musician,Text,-0.8197542097508982,0.8197542097508982
massacre,Text,-0.8192277958126762,0.8192277958126762
small town,Text,-0.8190135884552778,0.8190135884552778
menu,Text,-0.8187818493678259,0.8187818493678259
ribbon,Text,-0.8186860127047475,0.8186860127047475
refugee,Text,0.8186478546740454,0.8186478546740454
atlanta,Text,-0.8185359018687314,0.8185359018687314
collective,Text,0.8181714064729834,0.8181714064729834
shade,Text,-0.817705355733455,0.817705355733455
canyon,Text,0.8176251343985509,0.8176251343985509
renegade,Text,0.8167248993791517,0.8167248993791517
edc,Text,0.8165337702877242,0.8165337702877242
deadly,Text,-0.8160167848181269,0.8160167848181269
music art,Text,-0.8152248692160498,0.8152248692160498
freak,Text,-0.8150602294175443,0.8150602294175443
tribute,Text,-0.8148731619190938,0.8148731619190938
smash,Text,-0.8147688242136684,0.8147688242136684
radical,Text,0.8143859294979282,0.8143859294979282
grip,Text,-0.8139372632307618,0.8139372632307618
2d,Text,-0.8137262884367744,0.8137262884367744
ergonomic,Text,-0.8135753745528223,0.8135753745528223
guaranteed,Text,0.81346646871661,0.81346646871661
salem,Text,0.8133960071108367,0.8133960071108367
imagination,Text,-0.8131116001243274,0.8131116001243274
whale,Text,0.8128030918871917,0.8128030918871917
surfboard,Text,-0.8124983033405657,0.8124983033405657
developing,Text,-0.8118464826357722,0.8118464826357722
deaf,Text,-0.8118226536772348,0.8118226536772348
thread,Text,0.8117186688297622,0.8117186688297622
date,Text,-0.8117111903755252,0.8117111903755252
roman,Text,-0.8116008827826006,0.8116008827826006
mom,Text,-0.8111460980495612,0.8111460980495612
called,Text,-0.810923738371561,0.810923738371561
rugged,Text,0.8109218950523801,0.8109218950523801
wi fi,Text,0.8107502036853366,0.8107502036853366
ale,Text,0.8105210257619966,0.8105210257619966
cd project,Text,-0.8103210567184992,0.8103210567184992
fan,Text,-0.8098127119336906,0.8098127119336906
social,Text,-0.8097257273244567,0.8097257273244567
babe,Text,0.808868717239256,0.808868717239256
protector,Text,-0.8088640451496679,0.8088640451496679
east coast,Text,-0.8088178847162767,0.8088178847162767
sophomore,Text,0.8087256708643629,0.8087256708643629
true story,Text,-0.8086375641621087,0.8086375641621087
add,Text,-0.8074254847013163,0.8074254847013163
category_Print,Category,-0.8073569079386983,0.8073569079386983
truth,Text,-0.8063133425382033,0.8063133425382033
terror,Text,-0.8061108008555372,0.8061108008555372
vote,Text,-0.8059020911376426,0.8059020911376426
destroy,Text,-0.8053723776005998,0.8053723776005998
hacker,Text,0.8053086958418526,0.8053086958418526
globe,Text,-0.8044162956921184,0.8044162956921184
personalised,Text,-0.8041125286354723,0.8041125286354723
help publish,Text,0.8026845731727772,0.8026845731727772
straw,Text,0.802334395093877,0.802334395093877
united,Text,-0.8016486679944841,0.8016486679944841
military,Text,-0.801343757509532,0.801343757509532
revenge,Text,-0.8013431531202644,0.8013431531202644
sample,Text,-0.8001535117419211,0.8001535117419211
faith,Text,-0.8000526932480843,0.8000526932480843
inspiration,Text,-0.7999053147515512,0.7999053147515512
category_DIY,Category,-0.7995251213325578,0.7995251213325578
coco,Text,-0.799284926643032,0.799284926643032
modular,Text,0.7989470982002689,0.7989470982002689
exciting,Text,-0.7976937396276315,0.7976937396276315
southern,Text,-0.7975817999151336,0.7975817999151336
server,Text,-0.7969061951398027,0.7969061951398027
category_Action,Category,-0.796759344221692,0.796759344221692
precious,Text,-0.7967294659802039,0.7967294659802039
part ii,Text,0.7958332761381622,0.7958332761381622
comfortable,Text,0.7953740260491496,0.7953740260491496
compilation,Text,-0.7953018422732852,0.7953018422732852
community garden,Text,0.7944154310450597,0.7944154310450597
tracking,Text,0.7943874375862542,0.7943874375862542
childhood,Text,-0.7941267202607604,0.7941267202607604
second edition,Text,0.7941110010257002,0.7941110010257002
podcast,Text,-0.7936880992079469,0.7936880992079469
murder mystery,Text,0.7932057898442662,0.7932057898442662
award winning,Text,0.7928135567088849,0.7928135567088849
new way,Text,-0.7927271565399658,0.7927271565399658
african,Text,-0.7925465865104255,0.7925465865104255
main_category_Theater,Category,0.7921333946985599,0.7921333946985599
random,Text,-0.7919409850745643,0.7919409850745643
civil,Text,-0.7916022065705812,0.7916022065705812
dancing,Text,-0.7908717015788037,0.7908717015788037
baseball,Text,-0.7908103949207038,0.7908103949207038
life,Text,-0.7904568951043126,0.7904568951043126
search engine,Text,-0.7901028927779041,0.7901028927779041
instrumental,Text,-0.7894342755450005,0.7894342755450005
category_Typography,Category,0.7892478594173173,0.7892478594173173
sugar,Text,0.789206380657211,0.789206380657211
original album,Text,0.7883033163247846,0.7883033163247846
alt,Text,0.7875570486479543,0.7875570486479543
graphic,Text,-0.787091773823692,0.787091773823692
joke,Text,-0.7868006508766274,0.7868006508766274
satire,Text,-0.7855928405472768,0.7855928405472768
music,Text,-0.7853110826245489,0.7853110826245489
wargames,Text,-0.7853099675381794,0.7853099675381794
litter,Text,-0.7842451635859413,0.7842451635859413
rod,Text,-0.783367494697992,0.783367494697992
atomic,Text,0.7829569216068554,0.7829569216068554
flag,Text,-0.7826091863803076,0.7826091863803076
wet,Text,0.7817882356393531,0.7817882356393531
mit,Text,-0.7816996749152604,0.7816996749152604
poker,Text,-0.7816390207502935,0.7816390207502935
category_Anthologies,Category,0.78137013227158,0.78137013227158
boundary,Text,0.7803333967855447,0.7803333967855447
tear,Text,-0.7803294037510949,0.7803294037510949
casey,Text,0.7802867560359887,0.7802867560359887
japanese,Text,0.7801127946456692,0.7801127946456692
collectible,Text,-0.7796900178152587,0.7796900178152587
miracle,Text,-0.7796111247792556,0.7796111247792556
third,Text,0.7782855033192468,0.7782855033192468
diva,Text,-0.7781282453826293,0.7781282453826293
pattern,Text,0.7780708939764779,0.7780708939764779
foldable,Text,0.7779074220252016,0.7779074220252016
hollywood,Text,-0.7776964410674722,0.7776964410674722
orleans,Text,0.777346244776199,0.777346244776199
kid book,Text,0.7765552597977365,0.7765552597977365
storyteller,Text,0.7764602369828169,0.7764602369828169
road trip,Text,0.7762556696770395,0.7762556696770395
knew,Text,-0.7756365797570376,0.7756365797570376
cutter,Text,0.7756318602013409,0.7756318602013409
earring,Text,-0.7749252137300292,0.7749252137300292
category_Photobooks,Category,0.7748797874686285,0.7748797874686285
stitch,Text,0.7741437025086524,0.7741437025086524
hospital,Text,-0.7738689704866205,0.7738689704866205
real,Text,-0.7738050767449504,0.7738050767449504
starving,Text,-0.7731516967757965,0.7731516967757965
exchange,Text,0.7723436616156459,0.7723436616156459
marble,Text,-0.7716710750104093,0.7716710750104093
funky,Text,-0.7713731424400126,0.7713731424400126
crawl,Text,0.7712946223996368,0.7712946223996368
romantic,Text,-0.7710362725588371,0.7710362725588371
frontier,Text,0.7706925232630567,0.7706925232630567
partner,Text,-0.7705842955052452,0.7705842955052452
hart,Text,0.7704715985109979,0.7704715985109979
collaboration,Text,0.7691150784584758,0.7691150784584758
slam,Text,-0.7684997850148271,0.7684997850148271
nelson,Text,0.7683030548580309,0.7683030548580309
tabletop gaming,Text,0.7681966346992654,0.7681966346992654
unique,Text,-0.7663122631167822,0.7663122631167822
mason,Text,0.7654133048332052,0.7654133048332052
trivia,Text,-0.7639311404140067,0.7639311404140067
guitar,Text,-0.7634781060479963,0.7634781060479963
category_R&B,Category,-0.7630334126617901,0.7630334126617901
charity,Text,-0.7625268921163652,0.7625268921163652
league,Text,-0.7624607723701838,0.7624607723701838
country,Text,-0.7621756389250759,0.7621756389250759
trick,Text,-0.7618089198108544,0.7618089198108544
emotion,Text,-0.7616161160851594,0.7616161160851594
showing,Text,-0.761424170332943,0.761424170332943
christmas,Text,-0.7613171634124807,0.7613171634124807
poet,Text,-0.7612683925499698,0.7612683925499698
challenge coin,Text,0.7607629905060449,0.7607629905060449
idol,Text,-0.7602904457418995,0.7602904457418995
injury,Text,-0.760151423925316,0.760151423925316
fifty,Text,0.7600551699477004,0.7600551699477004
invention,Text,-0.7599999181439521,0.7599999181439521
chicken,Text,-0.7599352848363541,0.7599352848363541
italy,Text,-0.759865467794657,0.759865467794657
studio recording,Text,-0.7595329142846737,0.7595329142846737
ready,Text,-0.7575587316680534,0.7575587316680534
footprint,Text,0.7574031694109595,0.7574031694109595
org,Text,-0.7561229743752362,0.7561229743752362
heat,Text,-0.7555902109359754,0.7555902109359754
category_Taxidermy,Category,0.7554429189667989,0.7554429189667989
legacy,Text,-0.7551556108669095,0.7551556108669095
fame,Text,-0.7541187835660299,0.7541187835660299
giving,Text,-0.7536589096833851,0.7536589096833851
balm,Text,0.7533533350075887,0.7533533350075887
crusade,Text,0.752610153719727,0.752610153719727
sim,Text,0.7519696715630345,0.7519696715630345
published,Text,-0.7518289530233888,0.7518289530233888
raising,Text,-0.7518215673541212,0.7518215673541212
dark comedy,Text,0.7514149015922642,0.7514149015922642
printmaking,Text,0.7508673170724406,0.7508673170724406
activewear,Text,0.7504996159128027,0.7504996159128027
mind,Text,-0.7504193303262171,0.7504193303262171
somewhere,Text,0.750143600966638,0.750143600966638
youtube channel,Text,-0.7486372422932283,0.7486372422932283
producing,Text,-0.7485842015546454,0.7485842015546454
app,Text,-0.7484005305238455,0.7484005305238455
copy,Text,-0.7483462897411027,0.7483462897411027
nate,Text,0.7482951655807394,0.7482951655807394
sarah,Text,0.7482318574634682,0.7482318574634682
celtic,Text,0.7478748895987073,0.7478748895987073
information,Text,-0.7478616488711514,0.7478616488711514
fu,Text,-0.7476233263432182,0.7476233263432182
philosophy,Text,-0.7472681827614646,0.7472681827614646
knitting,Text,0.7470295899842445,0.7470295899842445
rock roll,Text,0.7468472667840907,0.7468472667840907
dash,Text,0.7466429517087166,0.7466429517087166
category_Robots,Category,0.746338424161143,0.746338424161143
wrestling,Text,-0.7457923916104877,0.7457923916104877
johnson,Text,-0.745783527988986,0.745783527988986
made simple,Text,0.7455754006740172,0.7455754006740172
made italy,Text,-0.7455123763865207,0.7455123763865207
category_Art Books,Category,0.7454832538078027,0.7454832538078027
joint,Text,-0.7451516459138656,0.7451516459138656
switch,Text,-0.744469694171795,0.744469694171795
notebook,Text,0.7436315010744685,0.7436315010744685
role,Text,-0.7436069627951003,0.7436069627951003
dylan,Text,0.7431297524755255,0.7431297524755255
currency_NOK,Category,-0.7427091483732385,0.7427091483732385
allen,Text,-0.7420766739536264,0.7420766739536264
violence,Text,-0.7419917322508619,0.7419917322508619
facility,Text,-0.7416393356389638,0.7416393356389638
angel,Text,-0.7413821445977336,0.7413821445977336
creativity,Text,-0.7410157346110526,0.7410157346110526
photography book,Text,0.7405298011721173,0.7405298011721173
first smart,Text,0.7400290597575176,0.7400290597575176
dish,Text,-0.7396103060227469,0.7396103060227469
racing,Text,-0.7387842452385577,0.7387842452385577
leather bag,Text,0.7385700369838145,0.7385700369838145
camino,Text,0.7385625817454597,0.7385625817454597
category_Food Trucks,Category,-0.7381509462396714,0.7381509462396714
black white,Text,-0.7375136087652484,0.7375136087652484
desire,Text,-0.7365223911123528,0.7365223911123528
cake,Text,-0.7365214768822547,0.7365214768822547
printed uspcc,Text,-0.7357545693703672,0.7357545693703672
sticker,Text,-0.7357237946279763,0.7357237946279763
barrel,Text,0.7355891060491921,0.7355891060491921
eco friendly,Text,-0.7350982324952497,0.7350982324952497
dream,Text,-0.7350915490084594,0.7350915490084594
wargaming,Text,-0.7350583982384516,0.7350583982384516
anytime,Text,-0.7348454752944586,0.7348454752944586
pine,Text,0.7347700026447772,0.7347700026447772
feeding,Text,-0.7346670258866047,0.7346670258866047
painted,Text,-0.7343000529592485,0.7343000529592485
hound,Text,0.7342426536400526,0.7342426536400526
wallet,Text,0.7340152939244535,0.7340152939244535
karma,Text,-0.7331861970050898,0.7331861970050898
mythos,Text,0.7331512902996328,0.7331512902996328
difference,Text,-0.732959847121995,0.732959847121995
damn,Text,0.7322616783680853,0.7322616783680853
confession,Text,-0.7321312965739529,0.7321312965739529
elemental,Text,-0.7319632995751838,0.7319632995751838
de la,Text,-0.7313766071204545,0.7313766071204545
texas,Text,-0.731088084079715,0.731088084079715
fishing,Text,-0.7310673502393904,0.7310673502393904
ti,Text,0.7307338302918941,0.7307338302918941
olive oil,Text,-0.7307198476184721,0.7307198476184721
forget,Text,-0.7305205449894618,0.7305205449894618
ritual,Text,0.7296685887011094,0.7296685887011094
story book,Text,-0.7295364562080683,0.7295364562080683
apollo,Text,0.7294325354053993,0.7294325354053993
category_Farmer's Markets,Category,-0.7294217615581883,0.7294217615581883
category_Performances,Category,0.7288609004475577,0.7288609004475577
rebirth,Text,-0.7286695912712404,0.7286695912712404
soul,Text,-0.7280714504746115,0.7280714504746115
make new,Text,0.7278870289574683,0.7278870289574683
talk show,Text,-0.7273281207389872,0.7273281207389872
function,Text,0.7266284327899697,0.7266284327899697
money,Text,-0.7264549863837927,0.7264549863837927
anniversary,Text,0.7264133360620102,0.7264133360620102
urban fantasy,Text,0.7258563302674788,0.7258563302674788
vinyl pressing,Text,0.7247363270904582,0.7247363270904582
incredible,Text,0.7239800495917844,0.7239800495917844
jazz,Text,-0.7236548745923802,0.7236548745923802
midwest,Text,-0.7231954294143459,0.7231954294143459
exotic,Text,-0.7231714171237017,0.7231714171237017
laura,Text,0.7229936705822194,0.7229936705822194
plate,Text,0.7227737001230099,0.7227737001230099
hand free,Text,-0.7227368731861757,0.7227368731861757
robin,Text,0.7226877230014853,0.7226877230014853
sock,Text,0.7224661137152745,0.7224661137152745
category_Space Exploration,Category,0.7213778731955885,0.7213778731955885
make difference,Text,-0.7212652618798787,0.7212652618798787
category_Events,Category,-0.7211184888155278,0.7211184888155278
ant,Text,-0.7210018406587492,0.7210018406587492
country_FR,Category,0.72094492214077,0.72094492214077
multiplayer,Text,-0.7202333863277428,0.7202333863277428
psychological,Text,0.7202256215801406,0.7202256215801406
concept,Text,-0.7200083487139615,0.7200083487139615
germany,Text,-0.7199449431021985,0.7199449431021985
salon,Text,-0.7196281231330275,0.7196281231330275
built,Text,0.71943930357954,0.71943930357954
clothing line,Text,-0.7193939060972591,0.7193939060972591
email,Text,-0.7193136806832945,0.7193136806832945
bobby,Text,-0.7188573129624378,0.7188573129624378
family,Text,-0.7183948002537183,0.7183948002537183
enterprise,Text,-0.7182575237567485,0.7182575237567485
lesson,Text,-0.7181787906144752,0.7181787906144752
luxurious,Text,0.7181772462139299,0.7181772462139299
mixtape,Text,-0.7180874381973833,0.7180874381973833
later,Text,-0.7180574438184687,0.7180574438184687
closet,Text,-0.7180091607211122,0.7180091607211122
filmmaker,Text,-0.7177281434423488,0.7177281434423488
baker,Text,-0.716698519018496,0.716698519018496
alien,Text,-0.716585311305062,0.716585311305062
scent,Text,-0.716066735938294,0.716066735938294
gb detroit,Text,0.7160432461463759,0.7160432461463759
open world,Text,-0.715934460911981,0.715934460911981
agency,Text,-0.7159276591913692,0.7159276591913692
wayne,Text,-0.7159044135426785,0.7159044135426785
detroit present,Text,0.7151927254523373,0.7151927254523373
temple,Text,0.7132692598233245,0.7132692598233245
message,Text,-0.7126626054320199,0.7126626054320199
photography project,Text,0.7126338482923482,0.7126338482923482
pole,Text,-0.7123577450466803,0.7123577450466803
composition,Text,-0.7121937583584026,0.7121937583584026
gypsy,Text,-0.7119739098033636,0.7119739098033636
autobiography,Text,-0.7119540570254707,0.7119540570254707
greeting,Text,-0.7117025819968926,0.7117025819968926
macbook,Text,0.7112694670233112,0.7112694670233112
music festival,Text,-0.7105781864283504,0.7105781864283504
leap,Text,0.7105204954333526,0.7105204954333526
circus,Text,0.7103255739126981,0.7103255739126981
celebrate,Text,-0.7096401785496573,0.7096401785496573
paradox,Text,0.709468227504113,0.709468227504113
cooking,Text,-0.7090899589050279,0.7090899589050279
publishing project,Text,0.7090807172974374,0.7090807172974374
lemon,Text,0.70882599744117,0.70882599744117
pour,Text,-0.7085295155781263,0.7085295155781263
tracker,Text,0.7084552158311277,0.7084552158311277
social network,Text,-0.708346625780071,0.708346625780071
easiest,Text,0.7081914880707108,0.7081914880707108
new ep,Text,0.7080069503156067,0.7080069503156067
honoring,Text,-0.7080011773253156,0.7080011773253156
category_Bacon,Category,-0.7074002865051294,0.7074002865051294
scarf,Text,0.7064013816525295,0.7064013816525295
pedal,Text,0.7061013531887189,0.7061013531887189
una,Text,-0.7060851680936452,0.7060851680936452
cabaret,Text,0.7052158088208726,0.7052158088208726
hammer,Text,0.7045246244301144,0.7045246244301144
system,Text,-0.7045178318898024,0.7045178318898024
met,Text,-0.7043668699197133,0.7043668699197133
life story,Text,-0.7043238834304382,0.7043238834304382
prophecy,Text,-0.7026521165542858,0.7026521165542858
tee,Text,-0.7024255952191762,0.7024255952191762
gap,Text,-0.7017330256010837,0.7017330256010837
led light,Text,-0.701329872150991,0.701329872150991
comb,Text,0.7012750105041395,0.7012750105041395
publish,Text,-0.7012056938803242,0.7012056938803242
world premiere,Text,0.7007256878795923,0.7007256878795923
twenty,Text,0.7006594755083695,0.7006594755083695
kinetic,Text,0.7004855690132374,0.7004855690132374
america,Text,-0.699970085364456,0.699970085364456
getting,Text,-0.6999552397513209,0.6999552397513209
boo,Text,0.6996858335630851,0.6996858335630851
arizona,Text,-0.6994710878512795,0.6994710878512795
punk,Text,0.6985406966593137,0.6985406966593137
cultural,Text,-0.6984235815988301,0.6984235815988301
comedy web,Text,0.6981509801838944,0.6981509801838944
fund new,Text,-0.698040096815905,0.698040096815905
concert,Text,-0.6980365696149874,0.6980365696149874
near,Text,0.6979736344727945,0.6979736344727945
vol,Text,0.697384736750634,0.697384736750634
professional,Text,-0.6967525904500153,0.6967525904500153
early,Text,-0.696609111683041,0.696609111683041
psalm,Text,-0.6962585985935426,0.6962585985935426
automatic watch,Text,0.6961425453812439,0.6961425453812439
dave,Text,0.6960715952972103,0.6960715952972103
surprise,Text,-0.6960491672849206,0.6960491672849206
iron,Text,0.6954690711144258,0.6954690711144258
pearl,Text,-0.694361773102823,0.694361773102823
quartet,Text,0.6935752030207335,0.6935752030207335
cookbook,Text,0.6935075187435557,0.6935075187435557
apprentice,Text,0.6925018092909295,0.6925018092909295
russell,Text,0.6920087820644706,0.6920087820644706
attraction,Text,-0.6917649656757087,0.6917649656757087
owned,Text,-0.6910860070226498,0.6910860070226498
alternate,Text,0.6908625202581494,0.6908625202581494
supply,Text,-0.6907002892587016,0.6907002892587016
april,Text,0.690599370058613,0.690599370058613
really,Text,-0.6903665138478152,0.6903665138478152
application,Text,-0.6899088733234646,0.6899088733234646
gluten,Text,-0.6896041830344444,0.6896041830344444
taco,Text,-0.6892724195111162,0.6892724195111162
arc,Text,-0.6892381300931832,0.6892381300931832
environmental,Text,-0.6891397228513482,0.6891397228513482
repair,Text,-0.6889373533292988,0.6889373533292988
id,Text,0.6888419388562036,0.6888419388562036
artist,Text,-0.6881152280619137,0.6881152280619137
flow,Text,-0.6879945898937441,0.6879945898937441
runaway,Text,0.687571762135936,0.687571762135936
aquaponics,Text,-0.6874139308042161,0.6874139308042161
glitter,Text,-0.6873390312545152,0.6873390312545152
southwest,Text,-0.6864909876867623,0.6864909876867623
ear,Text,0.6864331105925483,0.6864331105925483
handle,Text,-0.6850692202227624,0.6850692202227624
treasure,Text,-0.6848739869882488,0.6848739869882488
totally,Text,0.6848418155831911,0.6848418155831911
creating,Text,-0.6845829210531581,0.6845829210531581
grain,Text,0.6845337377628736,0.6845337377628736
man,Text,-0.6841789517103121,0.6841789517103121
meat,Text,0.6841188353244041,0.6841188353244041
apple,Text,-0.6839088227637894,0.6839088227637894
fund,Text,-0.6838820825307764,0.6838820825307764
camping,Text,-0.6837727226440325,0.6837727226440325
unit,Text,-0.6829594314502822,0.6829594314502822
mfa,Text,0.6828693768541882,0.6828693768541882
grace,Text,0.6823167343708509,0.6823167343708509
dawn,Text,-0.6822947585240678,0.6822947585240678
tin,Text,0.6822328090735081,0.6822328090735081
give back,Text,-0.6816646949811351,0.6816646949811351
education,Text,-0.6808720381697302,0.6808720381697302
fighter,Text,-0.6800808914313955,0.6800808914313955
float,Text,0.679754468118815,0.679754468118815
category_Shorts,Category,0.6795270732172922,0.6795270732172922
fundraising,Text,-0.6789596885642205,0.6789596885642205
educational,Text,-0.6786061445931656,0.6786061445931656
outlet,Text,-0.678588650033817,0.678588650033817
category_Young Adult,Category,-0.6785397299738319,0.6785397299738319
traveling,Text,-0.678524071111319,0.678524071111319
category_Jazz,Category,0.6784849806283747,0.6784849806283747
write,Text,-0.6784572569032484,0.6784572569032484
wear,Text,-0.677399283473901,0.677399283473901
teaching,Text,-0.6772935806532018,0.6772935806532018
classical,Text,-0.6765234590601531,0.6765234590601531
interview,Text,-0.6764563406419094,0.6764563406419094
remote,Text,-0.6762748270468805,0.6762748270468805
ho,Text,0.6760264783705628,0.6760264783705628
forum,Text,-0.6759602336330126,0.6759602336330126
matt,Text,0.6757262341489622,0.6757262341489622
half,Text,0.675380830173717,0.675380830173717
timepiece,Text,0.674701051803764,0.674701051803764
vie,Text,-0.6746446386403268,0.6746446386403268
cooky,Text,-0.6741767740543189,0.6741767740543189
psychological thriller,Text,-0.6738489527103178,0.6738489527103178
dante,Text,-0.6726940768002957,0.6726940768002957
bra,Text,0.6721075991646185,0.6721075991646185
anatomy,Text,0.6716129008645542,0.6716129008645542
theft,Text,0.6708511171087128,0.6708511171087128
climbing,Text,0.6708261255931114,0.6708261255931114
stand,Text,-0.6707573210698772,0.6707573210698772
bow,Text,-0.6706724878855831,0.6706724878855831
wedding,Text,-0.6705591762184292,0.6705591762184292
reef,Text,0.6704959611451908,0.6704959611451908
drew,Text,0.6703639276394302,0.6703639276394302
category_Crochet,Category,-0.6701148831779111,0.6701148831779111
louis,Text,-0.6692467893778355,0.6692467893778355
hop,Text,0.6692211235194018,0.6692211235194018
preserve,Text,0.6688280604588266,0.6688280604588266
occupy,Text,-0.6680219680646581,0.6680219680646581
detroit,Text,0.6677464741139854,0.6677464741139854
alive,Text,-0.6674141829891691,0.6674141829891691
web series,Text,0.6672438153919058,0.6672438153919058
inc,Text,-0.6670484731049884,0.6670484731049884
subscription,Text,0.66704196240188,0.66704196240188
spanish,Text,-0.6670342870956103,0.6670342870956103
habit,Text,0.6667671111884613,0.6667671111884613
salt,Text,0.6666766021538136,0.6666766021538136
sleep,Text,0.6660436103527075,0.6660436103527075
crowd,Text,-0.6660228719136474,0.6660228719136474
cow,Text,0.6655795458655155,0.6655795458655155
genre,Text,-0.665566411337687,0.665566411337687
presentation,Text,-0.665104053692817,0.665104053692817
mill,Text,0.6648273325949102,0.6648273325949102
benefit,Text,-0.6642027412148506,0.6642027412148506
program,Text,-0.6640762608526687,0.6640762608526687
abroad,Text,-0.663967287968858,0.663967287968858
woodworking,Text,-0.6639553372536053,0.6639553372536053
hollow,Text,0.6636444832412489,0.6636444832412489
dessert,Text,-0.6635970952963528,0.6635970952963528
playa,Text,-0.6633402519136328,0.6633402519136328
help launch,Text,0.6632938507788093,0.6632938507788093
purchase,Text,-0.6632004820141212,0.6632004820141212
scout,Text,0.663174562333511,0.663174562333511
documentary series,Text,-0.662800309304822,0.662800309304822
nashville,Text,-0.6622358387278298,0.6622358387278298
awkward,Text,0.6616622727130648,0.6616622727130648
album,Text,0.6616203860350987,0.6616203860350987
new music,Text,0.6614105365980177,0.6614105365980177
gift,Text,-0.661251619294109,0.661251619294109
send,Text,0.6610592895580153,0.6610592895580153
grilled,Text,-0.6606975282310803,0.6606975282310803
father,Text,-0.6599494914189149,0.6599494914189149
grant,Text,0.6586614628928279,0.6586614628928279
digital art,Text,-0.6586502561800306,0.6586502561800306
versatile,Text,0.6586479047947936,0.6586479047947936
scroll,Text,-0.6586474022955051,0.6586474022955051
wi,Text,-0.658509965110721,0.658509965110721
derby,Text,0.6582666664299838,0.6582666664299838
mmo,Text,-0.6577469212829372,0.6577469212829372
cosplay,Text,-0.6575254020339262,0.6575254020339262
doc,Text,0.656631038653019,0.656631038653019
wrong,Text,-0.6563425001629828,0.6563425001629828
spooky,Text,-0.6563258104122758,0.6563258104122758
zombie,Text,-0.6563063439934649,0.6563063439934649
egypt,Text,-0.6562881279904444,0.6562881279904444
redux,Text,0.6561874686322862,0.6561874686322862
pioneer,Text,0.6561386789596154,0.6561386789596154
kelly,Text,0.6560121461187548,0.6560121461187548
simply,Text,-0.6557057819081654,0.6557057819081654
new beginning,Text,-0.6556103638737634,0.6556103638737634
object,Text,0.6553980159881195,0.6553980159881195
remember,Text,-0.655360499004005,0.655360499004005
spill,Text,-0.655089386281465,0.655089386281465
ensemble,Text,0.6548963807545984,0.6548963807545984
st louis,Text,-0.6545805563242975,0.6545805563242975
unleashed,Text,-0.6543761437343131,0.6543761437343131
waterproof,Text,0.6541691105562953,0.6541691105562953
pitch,Text,-0.6534513360874158,0.6534513360874158
live album,Text,0.6534433692141597,0.6534433692141597
teddy,Text,0.6521897892881398,0.6521897892881398
bastard,Text,-0.6521783306645965,0.6521783306645965
mutant,Text,0.6521657871621553,0.6521657871621553
ar,Text,0.6519702068994562,0.6519702068994562
grandma,Text,-0.6517830044196891,0.6517830044196891
keyboard,Text,0.6516052047824231,0.6516052047824231
punch,Text,-0.65154715003761,0.65154715003761
trailer,Text,-0.6513696088032516,0.6513696088032516
putting,Text,-0.6513528007482574,0.6513528007482574
competition,Text,-0.6513036043720286,0.6513036043720286
length,Text,0.6512068110235022,0.6512068110235022
compact,Text,0.651187026951375,0.651187026951375
rack,Text,-0.6504031933719194,0.6504031933719194
asylum,Text,-0.6501572563679848,0.6501572563679848
best way,Text,0.6495236423193632,0.6495236423193632
face,Text,-0.6493883679511657,0.6493883679511657
kombucha,Text,0.6489976757452708,0.6489976757452708
helmet,Text,-0.6488162372329698,0.6488162372329698
party tour,Text,-0.6487710955366172,0.6487710955366172
dark fantasy,Text,-0.6483144370607518,0.6483144370607518
art festival,Text,0.6465048365136483,0.6465048365136483
todd,Text,0.6463353769816004,0.6463353769816004
tactic,Text,-0.6463007972227038,0.6463007972227038
patch,Text,-0.6461222898187401,0.6461222898187401
boston,Text,0.6460538905571849,0.6460538905571849
grove,Text,0.6458296941797381,0.6458296941797381
motivational,Text,-0.6457925773822193,0.6457925773822193
carolina,Text,-0.6452474073429677,0.6452474073429677
sneaker,Text,0.6448046353523488,0.6448046353523488
futuristic,Text,-0.6446865895993927,0.6446865895993927
clockwork,Text,0.6446074730943353,0.6446074730943353
trigger,Text,0.6443419097816901,0.6443419097816901
first cd,Text,-0.6442236459075544,0.6442236459075544
category_Wearables,Category,0.6441091090859936,0.6441091090859936
fringe,Text,0.6440496050208061,0.6440496050208061
worker,Text,0.643860142712003,0.643860142712003
brief,Text,0.642818062415091,0.642818062415091
ground,Text,0.6427902482320025,0.6427902482320025
arcanum,Text,0.6424209355217287,0.6424209355217287
battle,Text,-0.6414335990716337,0.6414335990716337
lure,Text,-0.6414221650939732,0.6414221650939732
making new,Text,0.6412589784488795,0.6412589784488795
longer,Text,-0.6409264254982826,0.6409264254982826
cross,Text,-0.6404563407325733,0.6404563407325733
smoked,Text,-0.6404431505296091,0.6404431505296091
scary,Text,-0.6400077710035219,0.6400077710035219
basket,Text,-0.6399412588898972,0.6399412588898972
noah,Text,0.6396769035932153,0.6396769035932153
generator,Text,-0.6396309008257213,0.6396309008257213
fork,Text,0.6396090586844907,0.6396090586844907
bloom,Text,0.6393873803124203,0.6393873803124203
antonio,Text,-0.639167087431577,0.639167087431577
health,Text,-0.6390756970335697,0.6390756970335697
maine,Text,0.6388235077158118,0.6388235077158118
ez,Text,-0.6385938035450514,0.6385938035450514
invitation,Text,-0.6385367937034921,0.6385367937034921
book child,Text,-0.6384145047677938,0.6384145047677938
fruit,Text,-0.6383802791683701,0.6383802791683701
dance music,Text,0.6382852434067664,0.6382852434067664
hanger,Text,-0.6382359201130158,0.6382359201130158
sandbox,Text,0.6381158398723288,0.6381158398723288
police,Text,-0.6377547056429131,0.6377547056429131
eyewear,Text,0.6372166882054714,0.6372166882054714
badge,Text,0.6369286654570996,0.6369286654570996
ipod,Text,-0.6361592060729643,0.6361592060729643
coast,Text,-0.6360656495708935,0.6360656495708935
vinyl record,Text,-0.6356605106442179,0.6356605106442179
walker,Text,-0.6354985611622338,0.6354985611622338
culinary,Text,-0.6352733232087168,0.6352733232087168
ball,Text,-0.6345033483609419,0.6345033483609419
one woman,Text,-0.6338605008262438,0.6338605008262438
category_Interactive Design,Category,-0.6338453332706492,0.6338453332706492
sensor,Text,0.6335576926719972,0.6335576926719972
online,Text,-0.6335548960210832,0.6335548960210832
bike,Text,0.6335206506725855,0.6335206506725855
metal,Text,-0.6335110812758065,0.6335110812758065
sharing,Text,-0.6334862002415208,0.6334862002415208
currency_CAD,Category,0.6326028152815298,0.6326028152815298
main_category_Comics,Category,0.6323594351810817,0.6323594351810817
dallas,Text,-0.6316132218841337,0.6316132218841337
spectrum,Text,0.630886521230639,0.630886521230639
dear,Text,0.6299722908634231,0.6299722908634231
horror film,Text,-0.6296060924300986,0.6296060924300986
category_Literary Journals,Category,0.6293923593176787,0.6293923593176787
supreme,Text,-0.6290644746811205,0.6290644746811205
swiss,Text,0.6290251345594408,0.6290251345594408
kitchen,Text,0.6287376036595556,0.6287376036595556
appalachian trail,Text,-0.628616018647139,0.628616018647139
category_Places,Category,-0.6286151818945747,0.6286151818945747
rite,Text,0.6285098500622769,0.6285098500622769
produce,Text,-0.6283959698862724,0.6283959698862724
decor,Text,-0.62823873218512,0.62823873218512
aviation,Text,-0.6282188231627861,0.6282188231627861
alliance,Text,0.6272802573380581,0.6272802573380581
spreading,Text,-0.6271285851012434,0.6271285851012434
thin,Text,0.6268109805761594,0.6268109805761594
photobook,Text,-0.6266863317824307,0.6266863317824307
seeing,Text,-0.6266035159204197,0.6266035159204197
logic,Text,-0.6264603172940968,0.6264603172940968
yes,Text,0.6264245709697961,0.6264245709697961
fate,Text,-0.6263316638086411,0.6263316638086411
bi,Text,-0.6260879110083982,0.6260879110083982
funny,Text,-0.625257673431161,0.625257673431161
annual,Text,0.6250860634419919,0.6250860634419919
currency_DKK,Category,-0.6248585815034828,0.6248585815034828
factor,Text,-0.6246325400082351,0.6246325400082351
category_Country & Folk,Category,0.6243346785748936,0.6243346785748936
identity,Text,0.6239841700621321,0.6239841700621321
redemption,Text,-0.6237283757171389,0.6237283757171389
longest,Text,0.6236695018737909,0.6236695018737909
pickle,Text,0.6235111377699902,0.6235111377699902
afghanistan,Text,0.6234319184123455,0.6234319184123455
category_Community Gardens,Category,-0.6231004584087961,0.6231004584087961
fat,Text,-0.6230930812815754,0.6230930812815754
debut record,Text,0.6230208704165413,0.6230208704165413
apparel,Text,-0.6229170289554812,0.6229170289554812
ptsd,Text,-0.6227834057043736,0.6227834057043736
nintendo,Text,0.6226810309192887,0.6226810309192887
healthier,Text,-0.6226574707945193,0.6226574707945193
slip,Text,0.6224596555556244,0.6224596555556244
category_Software,Category,-0.6223879128659602,0.6223879128659602
three,Text,0.6223796996270129,0.6223796996270129
elite,Text,-0.622298748242089,0.622298748242089
sinner,Text,-0.6222478250384713,0.6222478250384713
brush,Text,-0.6221200592167073,0.6221200592167073
feat,Text,-0.6212498798810364,0.6212498798810364
charlie,Text,0.6207835592088083,0.6207835592088083
general,Text,-0.6201872620068947,0.6201872620068947
help,Text,-0.619859697487883,0.619859697487883
choice,Text,-0.6197637168919858,0.6197637168919858
redefined,Text,0.6197372825187663,0.6197372825187663
self titled,Text,0.6196411328225626,0.6196411328225626
indigo,Text,-0.6195189673839934,0.6195189673839934
clark,Text,-0.6184040036157786,0.6184040036157786
one shot,Text,0.6182643686084582,0.6182643686084582
view,Text,-0.6182529457618655,0.6182529457618655
tunnel,Text,-0.6179799763452235,0.6179799763452235
pin set,Text,0.6176357387424145,0.6176357387424145
eco,Text,-0.6174532757344147,0.6174532757344147
rest,Text,0.6170192966546441,0.6170192966546441
amazing,Text,-0.6170165612948788,0.6170165612948788
empire,Text,-0.616364701898805,0.616364701898805
artisan,Text,0.6160941591353024,0.6160941591353024
lucy,Text,0.6158300225157395,0.6158300225157395
mural project,Text,0.6155907234843049,0.6155907234843049
diamond,Text,-0.6154986941969769,0.6154986941969769
washington,Text,-0.6154120907993421,0.6154120907993421
category_DIY Electronics,Category,0.6153801591861302,0.6153801591861302
enabled,Text,0.6152880748025172,0.6152880748025172
transit,Text,0.6139830624100456,0.6139830624100456
architecture,Text,0.61365996084763,0.61365996084763
mood,Text,-0.6135968812314759,0.6135968812314759
smith,Text,0.6135541989292349,0.6135541989292349
grass,Text,-0.6135130251633141,0.6135130251633141
war,Text,-0.6133393365254997,0.6133393365254997
document,Text,-0.613214950059257,0.613214950059257
native,Text,-0.6128987528136303,0.6128987528136303
anonymous,Text,0.6128372527643727,0.6128372527643727
jean,Text,0.6127472181729384,0.6127472181729384
great,Text,-0.6125581749442676,0.6125581749442676
tribal,Text,-0.612279650387854,0.612279650387854
slow,Text,0.612114577154785,0.612114577154785
chalk,Text,-0.6119779196717751,0.6119779196717751
category_Radio & Podcasts,Category,0.6118102742986952,0.6118102742986952
wifi,Text,0.6115317764472885,0.6115317764472885
housing,Text,-0.6113328693369992,0.6113328693369992
organic,Text,-0.6106838116476537,0.6106838116476537
pan,Text,0.6103591351847684,0.6103591351847684
goddess,Text,-0.6100660431513316,0.6100660431513316
foundation,Text,-0.6100500972275236,0.6100500972275236
tutorial,Text,-0.6099152229370014,0.6099152229370014
logo,Text,-0.6098671462028924,0.6098671462028924
dancer,Text,-0.6096504478623248,0.6096504478623248
journey,Text,-0.6095170180912604,0.6095170180912604
william,Text,-0.6091578783579633,0.6091578783579633
ultra,Text,0.6090101425145535,0.6090101425145535
fairytale,Text,0.6087596487098681,0.6087596487098681
ep,Text,0.608546945290483,0.608546945290483
higher,Text,0.6084652291401882,0.6084652291401882
georgia,Text,-0.6083628892321732,0.6083628892321732
cider,Text,0.6082955879408235,0.6082955879408235
path,Text,-0.6082391132491393,0.6082391132491393
historic,Text,-0.6080866193643863,0.6080866193643863
material,Text,-0.607365223890656,0.607365223890656
forgotten,Text,-0.6070474692060611,0.6070474692060611
real time,Text,0.607025736464696,0.607025736464696
aloha,Text,0.6066857888944165,0.6066857888944165
spa,Text,0.60633428554757,0.60633428554757
raised,Text,-0.6063137986253803,0.6063137986253803
johnny,Text,-0.6059598604200758,0.6059598604200758
ep recording,Text,-0.6054891452853489,0.6054891452853489
photography exhibition,Text,0.6050918762800805,0.6050918762800805
fi film,Text,-0.6049016935522271,0.6049016935522271
butter,Text,0.6045426059776228,0.6045426059776228
recording project,Text,0.60454259449843,0.60454259449843
photographer,Text,-0.6043053993769767,0.6043053993769767
patriot,Text,0.6041188525078933,0.6041188525078933
snake,Text,-0.6036944921240055,0.6036944921240055
currency_EUR,Category,0.603085765320179,0.603085765320179
puerto,Text,-0.60226895545329,0.60226895545329
wooden,Text,0.6021727294225123,0.6021727294225123
enjoy,Text,-0.6013153967567137,0.6013153967567137
op,Text,-0.6003870893119148,0.6003870893119148
pin,Text,0.5997330507640296,0.5997330507640296
union,Text,0.5996654764177187,0.5996654764177187
aka,Text,-0.5996388910032687,0.5996388910032687
garment,Text,-0.5993040773499965,0.5993040773499965
solomon,Text,0.5992936033804547,0.5992936033804547
science fiction,Text,0.5990977096946853,0.5990977096946853
alaska,Text,0.5988560170166404,0.5988560170166404
category_Nature,Category,-0.5981138537162041,0.5981138537162041
farmer,Text,0.5979094611996573,0.5979094611996573
russia,Text,0.5976871486542004,0.5976871486542004
miami,Text,-0.5973005247937655,0.5973005247937655
scanner,Text,0.5972731519272724,0.5972731519272724
thomas,Text,-0.5972561304007464,0.5972561304007464
retail,Text,-0.5970981618470619,0.5970981618470619
ted,Text,-0.5969196155025954,0.5969196155025954
erin,Text,0.596840448507373,0.596840448507373
deep,Text,0.5963424433438761,0.5963424433438761
month,Text,-0.5960583805149531,0.5960583805149531
art exhibition,Text,-0.595614799360663,0.595614799360663
country_HK,Category,-0.5953389148730758,0.5953389148730758
currency_HKD,Category,-0.5953389148730758,0.5953389148730758
energy,Text,-0.5951254063107531,0.5951254063107531
voice,Text,-0.5950987406806211,0.5950987406806211
debut full,Text,0.5949128237959258,0.5949128237959258
click,Text,0.5946627239525171,0.5946627239525171
clean,Text,-0.5941143558797866,0.5941143558797866
module,Text,0.5939394586133909,0.5939394586133909
need,Text,-0.5935434038225339,0.5935434038225339
let bring,Text,-0.5935015799921084,0.5935015799921084
solo,Text,0.5933540182068848,0.5933540182068848
story life,Text,-0.5932240356021812,0.5932240356021812
dan,Text,0.5921085989304817,0.5921085989304817
merchandise,Text,-0.5920326310507293,0.5920326310507293
player,Text,-0.591935599290892,0.591935599290892
prophet,Text,-0.5918476793493244,0.5918476793493244
tony,Text,-0.5917297507395444,0.5917297507395444
weight,Text,-0.5917140717953432,0.5917140717953432
hall,Text,0.5909425357586358,0.5909425357586358
halloween,Text,-0.590849292016909,0.590849292016909
rockin,Text,-0.5905521300351565,0.5905521300351565
collage,Text,-0.5904606734761759,0.5904606734761759
shirt,Text,-0.5902661522297118,0.5902661522297118
noir,Text,0.5902239284188457,0.5902239284188457
ca,Text,-0.5898169160772048,0.5898169160772048
tv,Text,-0.5897315153803756,0.5897315153803756
database,Text,-0.5893979527617058,0.5893979527617058
cuff,Text,0.588173463576946,0.588173463576946
make record,Text,0.5878237406101198,0.5878237406101198
exciting new,Text,-0.5877348351808372,0.5877348351808372
zero,Text,0.5871849468858286,0.5871849468858286
embroidery,Text,-0.5870922472026169,0.5870922472026169
help make,Text,-0.5861152006802753,0.5861152006802753
hundred,Text,0.5859364722219675,0.5859364722219675
two,Text,0.585764395016453,0.585764395016453
cricket,Text,0.5854895697617997,0.5854895697617997
nation,Text,-0.5849066369265014,0.5849066369265014
theme,Text,-0.5848759310736685,0.5848759310736685
vancouver,Text,0.5847194041448387,0.5847194041448387
internet,Text,-0.5844478321574967,0.5844478321574967
aurora,Text,0.5843679306618293,0.5843679306618293
kite,Text,0.5842808210670816,0.5842808210670816
wandering,Text,0.5842555943871478,0.5842555943871478
sale,Text,-0.5838568482917232,0.5838568482917232
ceramic,Text,0.5836642605956597,0.5836642605956597
minimalist,Text,0.582899889474181,0.582899889474181
wild,Text,0.5824604569598125,0.5824604569598125
kickstarter,Text,0.5819172714287293,0.5819172714287293
gentleman,Text,0.5812474300583061,0.5812474300583061
category_Hardware,Category,0.581140193732237,0.581140193732237
world war,Text,-0.5806697498366485,0.5806697498366485
trans,Text,0.5806361785399298,0.5806361785399298
animated short,Text,0.5805512873669766,0.5805512873669766
worship,Text,0.5802820266649539,0.5802820266649539
farmer market,Text,-0.5801915809611458,0.5801915809611458
hunting,Text,-0.5799266095164528,0.5799266095164528
manager,Text,-0.579352386434142,0.579352386434142
juliet,Text,-0.5790394705391761,0.5790394705391761
playing game,Text,0.5777940675745288,0.5777940675745288
encounter,Text,0.5775392457310179,0.5775392457310179
lab,Text,0.5774848211377307,0.5774848211377307
untold story,Text,0.5771612649175148,0.5771612649175148
discovery,Text,-0.5769917753208105,0.5769917753208105
3d printing,Text,0.5769870553905837,0.5769870553905837
batman,Text,-0.5768615221957984,0.5768615221957984
alert,Text,-0.5767297644935475,0.5767297644935475
recorded,Text,-0.5766740491567373,0.5766740491567373
score,Text,-0.5758323331789029,0.5758323331789029
sonic,Text,0.5757720226068327,0.5757720226068327
june,Text,0.5754623220900068,0.5754623220900068
interface,Text,0.575343935339163,0.575343935339163
gym,Text,-0.5752023679865494,0.5752023679865494
anthem,Text,0.5748997607943378,0.5748997607943378
premium,Text,0.5748303919628185,0.5748303919628185
author,Text,-0.5746141955592869,0.5746141955592869
saga,Text,-0.5745638811700988,0.5745638811700988
size,Text,-0.5740339921161626,0.5740339921161626
convertible,Text,0.5737653700673598,0.5737653700673598
bruce,Text,0.5735190927728712,0.5735190927728712
independent,Text,-0.5727839286912965,0.5727839286912965
genius,Text,0.5721380585561068,0.5721380585561068
costume,Text,-0.5718513315578747,0.5718513315578747
make happen,Text,0.5713001272203261,0.5713001272203261
foam,Text,0.5712806798489769,0.5712806798489769
four,Text,0.5712030631620368,0.5712030631620368
resolution,Text,-0.57077242872225,0.57077242872225
jacob,Text,0.5706482452499034,0.5706482452499034
zone,Text,-0.5703699708225384,0.5703699708225384
length cd,Text,-0.570224440257793,0.570224440257793
chronicle,Text,-0.5702222684429619,0.5702222684429619
butler,Text,-0.5697131077713699,0.5697131077713699
16mm,Text,0.5696412054848464,0.5696412054848464
shower,Text,-0.5694267307894486,0.5694267307894486
travelling,Text,-0.5693570164490962,0.5693570164490962
picture,Text,-0.5693258696153295,0.5693258696153295
bust,Text,0.5691785793622901,0.5691785793622901
rpg,Text,0.568677478504631,0.568677478504631
college,Text,-0.568630276910977,0.568630276910977
fine,Text,0.5686264402238944,0.5686264402238944
bubble,Text,-0.5684563272628518,0.5684563272628518
category_Workshops,Category,-0.5684266667503345,0.5684266667503345
charging,Text,0.5678395661905782,0.5678395661905782
savage world,Text,0.5676443808767784,0.5676443808767784
bomb,Text,0.5674238794483883,0.5674238794483883
faire,Text,0.5673328791916964,0.5673328791916964
candy,Text,-0.5671102345771941,0.5671102345771941
kc,Text,0.5659715467308887,0.5659715467308887
others,Text,-0.5659110229416564,0.5659110229416564
jones,Text,-0.5657496636011606,0.5657496636011606
mum,Text,-0.5655849197944484,0.5655849197944484
awaken,Text,0.5655558500941972,0.5655558500941972
beautifully,Text,-0.5654049216112409,0.5654049216112409
thank,Text,0.5647265461576083,0.5647265461576083
planning,Text,-0.5647240621263551,0.5647240621263551
conversion,Text,-0.5644651038441291,0.5644651038441291
latest,Text,-0.5644008286753013,0.5644008286753013
keychain,Text,0.5642258997886991,0.5642258997886991
mermaid,Text,0.5642239681134819,0.5642239681134819
acre,Text,0.5639036325011622,0.5639036325011622
nyc,Text,0.5636779392456157,0.5636779392456157
title,Text,-0.562419031033622,0.562419031033622
legend,Text,-0.5623418867407839,0.5623418867407839
jennifer,Text,0.5622258098856445,0.5622258098856445
piano,Text,-0.5617318462613943,0.5617318462613943
bus,Text,0.5616853095333834,0.5616853095333834
edition print,Text,-0.5615894899762205,0.5615894899762205
think,Text,-0.5613598063946388,0.5613598063946388
bedtime,Text,-0.5610985246438688,0.5610985246438688
cuba,Text,0.5610127867674246,0.5610127867674246
mega,Text,0.5608307703527551,0.5608307703527551
category_Journalism,Category,-0.5608027959787877,0.5608027959787877
compatible,Text,0.5595540543093851,0.5595540543093851
time lapse,Text,0.5594384806065703,0.5594384806065703
parent,Text,-0.5593037583341587,0.5593037583341587
critter,Text,-0.558876506594465,0.558876506594465
soda,Text,0.5587523759586082,0.5587523759586082
catalog,Text,0.5583913044231074,0.5583913044231074
storybook,Text,0.5581233714899207,0.5581233714899207
trainer,Text,-0.5581061737199374,0.5581061737199374
cheap,Text,-0.5579411582005624,0.5579411582005624
libro,Text,-0.557641923631977,0.557641923631977
game app,Text,-0.5575775996632139,0.5575775996632139
greg,Text,0.5575180259570931,0.5575180259570931
heirloom,Text,0.5574136077193029,0.5574136077193029
natalie,Text,0.5570941901963744,0.5570941901963744
lift,Text,-0.5570037753418599,0.5570037753418599
studio ep,Text,0.5569965438790099,0.5569965438790099
cover,Text,-0.5568257375079698,0.5568257375079698
humanity,Text,-0.5559681226500215,0.5559681226500215
tragedy,Text,-0.5558977179325197,0.5558977179325197
shot,Text,-0.5558325584403048,0.5558325584403048
programming,Text,0.5557764034711647,0.5557764034711647
delivery,Text,-0.5553947818873348,0.5553947818873348
peter,Text,0.5550657378923144,0.5550657378923144
wayward,Text,0.5550149628202203,0.5550149628202203
ukulele,Text,0.5547192305168063,0.5547192305168063
cage,Text,-0.5545881686081753,0.5545881686081753
brave,Text,0.5540743375072902,0.5540743375072902
arte,Text,-0.5540015290126029,0.5540015290126029
music cd,Text,-0.5538702361757605,0.5538702361757605
doom,Text,0.553805709546122,0.553805709546122
comic book,Text,-0.5534407920732201,0.5534407920732201
effort,Text,-0.5533007930216051,0.5533007930216051
child,Text,-0.5527724237596753,0.5527724237596753
murder,Text,-0.552462538677567,0.552462538677567
feel good,Text,-0.5521914774710619,0.5521914774710619
harmony,Text,-0.5521250422402626,0.5521250422402626
category_Indie Rock,Category,0.5521224323606067,0.5521224323606067
spaghetti,Text,-0.5514213223343519,0.5514213223343519
silent,Text,-0.5513823770949193,0.5513823770949193
become,Text,-0.5508308708001625,0.5508308708001625
chosen,Text,-0.549906312570124,0.549906312570124
gem,Text,-0.5498898004480155,0.5498898004480155
newspaper,Text,-0.549639557849174,0.549639557849174
pocket,Text,0.5495693590257728,0.5495693590257728
jo,Text,-0.5494595428894903,0.5494595428894903
organize,Text,0.5492523889584152,0.5492523889584152
brewing co,Text,0.5488973663237782,0.5488973663237782
threat,Text,-0.5488710274910862,0.5488710274910862
trading,Text,-0.548822137406912,0.548822137406912
desk,Text,0.5488066806685948,0.5488066806685948
record,Text,0.5486509263402539,0.5486509263402539
bacon,Text,-0.5484432118040813,0.5484432118040813
pug,Text,0.5475986895574678,0.5475986895574678
bang,Text,0.547346516645146,0.547346516645146
paw,Text,-0.5473066989201661,0.5473066989201661
innovation,Text,-0.5471347002643284,0.5471347002643284
category_Digital Art,Category,-0.546860394571098,0.546860394571098
international,Text,-0.5468246148031218,0.5468246148031218
closer,Text,0.5468107902837092,0.5468107902837092
projection,Text,0.5464587943133707,0.5464587943133707
limited,Text,-0.54638899718879,0.54638899718879
new generation,Text,-0.5463526503861525,0.5463526503861525
seeker,Text,0.5463478577143202,0.5463478577143202
country_LU,Category,0.545561803524147,0.545561803524147
im,Text,-0.5454508777617427,0.5454508777617427
cooler,Text,-0.545227942509377,0.545227942509377
royal,Text,-0.544973970542263,0.544973970542263
television,Text,-0.544931967733574,0.544931967733574
category_Family,Category,-0.5445523457200984,0.5445523457200984
korean,Text,0.5443399750236234,0.5443399750236234
embrace,Text,-0.5439389074948403,0.5439389074948403
mouth,Text,0.5438160488140632,0.5438160488140632
purpose,Text,0.5434780828127381,0.5434780828127381
debut lp,Text,0.5433849614813274,0.5433849614813274
saving,Text,-0.5432976307427297,0.5432976307427297
star war,Text,-0.5430694989720461,0.5430694989720461
patent pending,Text,-0.5423628048533264,0.5423628048533264
mighty,Text,0.5421961077390071,0.5421961077390071
smart home,Text,0.5421740689226582,0.5421740689226582
mayhem,Text,-0.5420585023460484,0.5420585023460484
real estate,Text,-0.5416470316166854,0.5416470316166854
angry,Text,-0.5416037219581299,0.5416037219581299
transforming,Text,0.5409338025638025,0.5409338025638025
london,Text,0.5404100784365836,0.5404100784365836
forward,Text,-0.5403911230329626,0.5403911230329626
snap,Text,-0.5403391862624572,0.5403391862624572
anderson,Text,0.5398105759451739,0.5398105759451739
demon,Text,-0.5397572725957617,0.5397572725957617
raider,Text,0.5395528211678123,0.5395528211678123
hilarious,Text,-0.5393086836160358,0.5393086836160358
male,Text,-0.5391769015660349,0.5391769015660349
student film,Text,0.5390660944133995,0.5390660944133995
richard,Text,0.5389009641847224,0.5389009641847224
main_category_Fashion,Category,-0.5388136471596021,0.5388136471596021
hole,Text,0.5388035287277678,0.5388035287277678
apart,Text,-0.5387677720197367,0.5387677720197367
ben,Text,0.5380161820054439,0.5380161820054439
raven,Text,0.5379474942560389,0.5379474942560389
original song,Text,-0.5378580751156469,0.5378580751156469
suicide,Text,-0.5378479888615258,0.5378479888615258
colony,Text,0.5377272673661043,0.5377272673661043
dye,Text,-0.5375434906233998,0.5375434906233998
sustainable,Text,0.5374698476619408,0.5374698476619408
hudson,Text,0.5373093074874399,0.5373093074874399
category_Footwear,Category,0.5371951275604403,0.5371951275604403
series pilot,Text,0.5370613761725485,0.5370613761725485
beginner,Text,-0.5369207223068041,0.5369207223068041
meal,Text,-0.536545687103634,0.536545687103634
hell,Text,-0.5365308283688307,0.5365308283688307
intelligence,Text,-0.5364125123951559,0.5364125123951559
autism,Text,-0.5358281632226948,0.5358281632226948
casting,Text,-0.5340100883947858,0.5340100883947858
mystical,Text,-0.5339809764040809,0.5339809764040809
day dead,Text,0.5338966858026085,0.5338966858026085
percussion,Text,-0.5333264320937555,0.5333264320937555
category_Fiction,Category,-0.533135539138141,0.533135539138141
strike,Text,0.5330215177976098,0.5330215177976098
help build,Text,0.5323408684745163,0.5323408684745163
dust,Text,0.5322504138839418,0.5322504138839418
fountain,Text,0.5320354680732802,0.5320354680732802
everyday,Text,0.5318181499514847,0.5318181499514847
main_category_Crafts,Category,-0.5317405991674916,0.5317405991674916
oblivion,Text,-0.5314610977776483,0.5314610977776483
cello,Text,0.5314219283878157,0.5314219283878157
dc,Text,0.5313510675778483,0.5313510675778483
whiskey,Text,0.5310265221051872,0.5310265221051872
wall street,Text,-0.531012133258347,0.531012133258347
fx,Text,0.5310112083667808,0.5310112083667808
maria,Text,0.53056157888684,0.53056157888684
grocery,Text,0.5301982578110447,0.5301982578110447
driver,Text,-0.5298745169592884,0.5298745169592884
mold,Text,0.5293241565307858,0.5293241565307858
panic,Text,0.5292314454096746,0.5292314454096746
new work,Text,0.5288613834072415,0.5288613834072415
easier,Text,-0.5283158802001128,0.5283158802001128
android ios,Text,-0.528229961052502,0.528229961052502
late,Text,-0.5280752875314597,0.5280752875314597
frank,Text,0.5280608477549915,0.5280608477549915
jesse,Text,0.5279662262107363,0.5279662262107363
garage,Text,-0.5276986476450706,0.5276986476450706
eva,Text,0.5276605094832796,0.5276605094832796
racer,Text,-0.5274011248261901,0.5274011248261901
magazine issue,Text,0.5272022986985831,0.5272022986985831
currency_CHF,Category,0.526955055590194,0.526955055590194
country_CH,Category,0.526955055590194,0.526955055590194
decal,Text,-0.5267290366673959,0.5267290366673959
training,Text,-0.5263175785447219,0.5263175785447219
category_Electronic Music,Category,-0.5262999325005543,0.5262999325005543
speaker,Text,0.5260396385452207,0.5260396385452207
covered,Text,-0.5257589065518612,0.5257589065518612
design,Text,-0.5256947878190269,0.5256947878190269
abandoned,Text,-0.5256513910581587,0.5256513910581587
3d,Text,-0.5255341986339473,0.5255341986339473
win,Text,-0.5253585343968675,0.5253585343968675
turn,Text,0.5247184925178596,0.5247184925178596
costa,Text,-0.5246904160065968,0.5246904160065968
category_Public Art,Category,0.5245045332475993,0.5245045332475993
unite,Text,-0.5243549757632072,0.5243549757632072
band,Text,-0.5242454979275449,0.5242454979275449
pinball,Text,0.524140623410118,0.524140623410118
au,Text,-0.5241215943518028,0.5241215943518028
quantum,Text,-0.5238615942411582,0.5238615942411582
pony,Text,-0.5236691770408468,0.5236691770408468
care,Text,-0.5235251332935571,0.5235251332935571
detective,Text,-0.5235093794744828,0.5235093794744828
issue,Text,0.5234943806666232,0.5234943806666232
unicorn,Text,0.5234039139907992,0.5234039139907992
barbecue,Text,-0.5232385879888238,0.5232385879888238
rc,Text,-0.523172329489633,0.523172329489633
place,Text,0.5231163150640487,0.5231163150640487
theatre present,Text,0.5230947414852701,0.5230947414852701
greatest,Text,-0.5228172780132626,0.5228172780132626
handcrafted,Text,0.5225583402695586,0.5225583402695586
maze,Text,-0.521895528975944,0.521895528975944
killing,Text,-0.5217722740051505,0.5217722740051505
category_Farms,Category,-0.521752529430933,0.521752529430933
hockey,Text,-0.5215127308034787,0.5215127308034787
raspberry pi,Text,0.52150870436111,0.52150870436111
korea,Text,0.5213745450072113,0.5213745450072113
tongue,Text,0.5209768570127644,0.5209768570127644
moment,Text,-0.5206813670823792,0.5206813670823792
undead,Text,-0.5206808819352551,0.5206808819352551
basic,Text,0.5203285492347669,0.5203285492347669
gone,Text,-0.5202316855069579,0.5202316855069579
candle,Text,-0.5200697391859388,0.5200697391859388
stuff,Text,-0.5200245820914456,0.5200245820914456
inaugural,Text,0.519829500968461,0.519829500968461
category_Academic,Category,-0.5196209015882567,0.5196209015882567
december,Text,-0.5195847133889857,0.5195847133889857
wireless,Text,0.5194579208426904,0.5194579208426904
name,Text,-0.5193906603695958,0.5193906603695958
expansion,Text,0.5190329953240487,0.5190329953240487
gb,Text,0.5190286435044474,0.5190286435044474
struggle,Text,-0.5188291963685373,0.5188291963685373
corporate,Text,-0.518595224725689,0.518595224725689
stay,Text,-0.5185686571898033,0.5185686571898033
bed,Text,-0.5185240069169654,0.5185240069169654
planner,Text,0.5184744881212622,0.5184744881212622
makeup,Text,-0.5184523851692766,0.5184523851692766
help record,Text,-0.5182036019347612,0.5182036019347612
visit,Text,-0.5181666717562469,0.5181666717562469
main_category_Photography,Category,-0.5179951526497121,0.5179951526497121
eric,Text,0.5178181238909617,0.5178181238909617
apartment,Text,-0.5176202310440523,0.5176202310440523
dangerous,Text,0.5173465549417184,0.5173465549417184
come true,Text,-0.5171590979440511,0.5171590979440511
heaven,Text,-0.5166769232289264,0.5166769232289264
album tour,Text,-0.5164222294297014,0.5164222294297014
beacon,Text,0.5161908778970491,0.5161908778970491
bead,Text,-0.516001948614271,0.516001948614271
religion,Text,-0.5158056482169137,0.5158056482169137
manual,Text,0.5150382681453161,0.5150382681453161
bigfoot,Text,-0.5150374193542122,0.5150374193542122
den,Text,0.5149682221934893,0.5149682221934893
neighborhood,Text,0.5147078422360694,0.5147078422360694
bolt,Text,0.514362818737263,0.514362818737263
help save,Text,-0.5141116243049617,0.5141116243049617
ups,Text,0.5140702685608594,0.5140702685608594
stephen,Text,-0.514057246517858,0.514057246517858
webseries,Text,0.5135909669158204,0.5135909669158204
chic,Text,-0.5131333878702059,0.5131333878702059
investigation,Text,-0.5130454518325817,0.5130454518325817
present,Text,0.5127187139858616,0.5127187139858616
hurricane,Text,-0.5117313414639011,0.5117313414639011
vengeance,Text,-0.5116133410523237,0.5116133410523237
rock opera,Text,0.5114883098514518,0.5114883098514518
nyu,Text,0.5110642820720337,0.5110642820720337
amp,Text,-0.5106443567417857,0.5106443567417857
adaptation,Text,-0.510603703068331,0.510603703068331
brings,Text,0.5099876582401779,0.5099876582401779
therapy,Text,-0.509854605530819,0.509854605530819
fe,Text,0.5095427117674596,0.5095427117674596
savior,Text,-0.5093282530097992,0.5093282530097992
goodbye,Text,0.5092093400876371,0.5092093400876371
bright,Text,0.5090825415588597,0.5090825415588597
curve,Text,-0.5087918411645305,0.5087918411645305
new single,Text,-0.5087596383197965,0.5087596383197965
captain,Text,-0.5086801613673154,0.5086801613673154
accessory,Text,-0.5086705427262826,0.5086705427262826
crazy,Text,-0.5084730573578868,0.5084730573578868
one man,Text,-0.5084043797357014,0.5084043797357014
artistic,Text,-0.5082842759949425,0.5082842759949425
progress,Text,0.508233010900687,0.508233010900687
knit,Text,0.5080964993811989,0.5080964993811989
team,Text,-0.5076877329383911,0.5076877329383911
invisible,Text,0.5076627930678845,0.5076627930678845
queen,Text,0.5073905101174964,0.5073905101174964
pete,Text,0.5068766818542264,0.5068766818542264
card game,Text,-0.5068339630073175,0.5068339630073175
japan,Text,0.5061954576321983,0.5061954576321983
jewish,Text,-0.5058544095130472,0.5058544095130472
curious,Text,0.5057001562481337,0.5057001562481337
boxing,Text,-0.5056316457452661,0.5056316457452661
helper,Text,-0.5056074091165035,0.5056074091165035
help start,Text,-0.5051798444705169,0.5051798444705169
jimmy,Text,-0.5045685954806703,0.5045685954806703
art space,Text,0.5045159746824502,0.5045159746824502
destiny,Text,-0.504429605720925,0.504429605720925
bandit,Text,0.5042111280712516,0.5042111280712516
tasting,Text,0.504112475385095,0.504112475385095
facebook,Text,-0.5037301476626695,0.5037301476626695
graffiti,Text,-0.5035584132711917,0.5035584132711917
bicycle playing,Text,-0.5031011884531074,0.5031011884531074
gulf,Text,-0.5025550749212943,0.5025550749212943
burger,Text,-0.5021761353080413,0.5021761353080413
record release,Text,-0.502152252937646,0.502152252937646
eternity,Text,-0.5018497562048887,0.5018497562048887
fallen,Text,-0.5018141306616631,0.5018141306616631
hand crafted,Text,-0.5015900734223327,0.5015900734223327
preserving,Text,-0.5011862010652519,0.5011862010652519
strong,Text,0.5009406500286355,0.5009406500286355
revue,Text,-0.5008932370900123,0.5008932370900123
pin badge,Text,-0.5006697422184858,0.5006697422184858
reloaded,Text,0.5005214001514326,0.5005214001514326
read,Text,0.5003374074063742,0.5003374074063742
prince,Text,-0.49999859929338447,0.49999859929338447
tip,Text,-0.4999984908171914,0.4999984908171914
length album,Text,0.49990536176656375,0.49990536176656375
arrow,Text,0.499834439216734,0.499834439216734
cam,Text,-0.49980061625530375,0.49980061625530375
barn,Text,-0.49973214812546807,0.49973214812546807
carter,Text,-0.4993301767869829,0.4993301767869829
new england,Text,-0.49874670048671244,0.49874670048671244
misfit,Text,0.4979350042323625,0.4979350042323625
method,Text,0.49762145606173125,0.49762145606173125
attitude,Text,-0.4975540671595816,0.4975540671595816
york,Text,0.49743600123258763,0.49743600123258763
diary,Text,-0.497347531519077,0.497347531519077
birth,Text,-0.49728869501699824,0.49728869501699824
ii,Text,0.4970256799393938,0.4970256799393938
industrial,Text,0.49694119037955575,0.49694119037955575
craig,Text,0.4966720749210779,0.4966720749210779
magnet,Text,-0.4963689482731777,0.4963689482731777
defense,Text,-0.4962794824539696,0.4962794824539696
shall,Text,-0.49580017670573373,0.49580017670573373
pillow,Text,-0.49503318613380626,0.49503318613380626
commander,Text,0.49479991641482357,0.49479991641482357
frog,Text,0.49475546223511013,0.49475546223511013
healing,Text,-0.49439567053182376,0.49439567053182376
indie game,Text,0.4941675478530728,0.4941675478530728
adventure game,Text,0.49413736194441793,0.49413736194441793
action figure,Text,0.4939410135598467,0.4939410135598467
melbourne,Text,0.4934659125266544,0.4934659125266544
wool,Text,0.4934518162368259,0.4934518162368259
cross country,Text,0.4927691915275061,0.4927691915275061
medium,Text,-0.4922204604325337,0.4922204604325337
map,Text,0.4915961528357153,0.4915961528357153
colorado,Text,-0.4912706179204355,0.4912706179204355
construction,Text,0.49084399128476014,0.49084399128476014
premiere,Text,0.4908019745367908,0.4908019745367908
ski,Text,0.4905901909991162,0.4905901909991162
nola,Text,0.4903704881926371,0.4903704881926371
alpha,Text,-0.49022920270156023,0.49022920270156023
country_SE,Category,-0.48994097806856085,0.48994097806856085
blake,Text,0.4897512926984514,0.4897512926984514
towards,Text,-0.4897387356646121,0.4897387356646121
huge,Text,-0.4896168718769831,0.4896168718769831
window,Text,-0.4890717111671076,0.4890717111671076
editing,Text,-0.4888163352229323,0.4888163352229323
string quartet,Text,-0.4887361930566377,0.4887361930566377
safer,Text,-0.4884159544204498,0.4884159544204498
promotional,Text,-0.48812397642315225,0.48812397642315225
solar,Text,-0.48795623566911633,0.48795623566911633
donut,Text,-0.48750095468735377,0.48750095468735377
even,Text,0.4874678007694033,0.4874678007694033
na,Text,0.4874486166528539,0.4874486166528539
nut,Text,-0.48744834051654734,0.48744834051654734
simplified,Text,0.4868618065621469,0.4868618065621469
hood,Text,-0.48668010459018307,0.48668010459018307
race,Text,-0.48666056123871904,0.48666056123871904
aaron,Text,0.4866107120297719,0.4866107120297719
finish,Text,0.4865106009543955,0.4865106009543955
ohio,Text,-0.4863868230337143,0.4863868230337143
mark,Text,0.4862922882300277,0.4862922882300277
figure,Text,0.4861423375347478,0.4861423375347478
woman,Text,0.48598786150017026,0.48598786150017026
estate,Text,-0.48533967969446606,0.48533967969446606
conscious,Text,-0.4850988843374102,0.4850988843374102
kill,Text,0.4850608666883652,0.4850608666883652
oliver,Text,0.48482459143810414,0.48482459143810414
practical,Text,0.484671189570261,0.484671189570261
european,Text,-0.4841845291581229,0.4841845291581229
tune,Text,0.4838495895511024,0.4838495895511024
loving,Text,-0.4837927389186397,0.4837927389186397
turned,Text,0.48379031536213474,0.48379031536213474
bulb,Text,0.48308006070209597,0.48308006070209597
category_Knitting,Category,0.4826606214922631,0.4826606214922631
recording new,Text,0.48265708608494495,0.48265708608494495
release debut,Text,-0.48240004755312904,0.48240004755312904
finishing,Text,0.48125790324847045,0.48125790324847045
lily,Text,0.4811645104747844,0.4811645104747844
dwarf,Text,0.4810109408125011,0.4810109408125011
using,Text,-0.48089520039913036,0.48089520039913036
movement,Text,-0.48068764974697753,0.48068764974697753
gonna,Text,-0.4805166086894288,0.4805166086894288
case iphone,Text,0.48037093767559114,0.48037093767559114
hoop,Text,-0.47994900242479277,0.47994900242479277
finder,Text,-0.47985525614413577,0.47985525614413577
six,Text,0.4797322863248956,0.4797322863248956
quilt,Text,0.4794155256905135,0.4794155256905135
road,Text,-0.479413072770511,0.479413072770511
console,Text,0.479409366608608,0.479409366608608
growth,Text,-0.47940778890446106,0.47940778890446106
josh,Text,0.4790800913617478,0.4790800913617478
knowledge,Text,-0.47896261527095974,0.47896261527095974
romance,Text,-0.4787669432605363,0.4787669432605363
cell,Text,-0.4784391437639763,0.4784391437639763
darling,Text,0.47841950397266364,0.47841950397266364
delta,Text,0.47822127408147214,0.47822127408147214
edward,Text,-0.47732970204159875,0.47732970204159875
gps,Text,0.4772930812971975,0.4772930812971975
october,Text,-0.4769619206940337,0.4769619206940337
iii,Text,0.4767090722398294,0.4767090722398294
photo,Text,-0.47666388362516576,0.47666388362516576
cooking show,Text,-0.4764957349430915,0.4764957349430915
twist,Text,-0.4764699809516728,0.4764699809516728
hit,Text,0.47629691820725156,0.47629691820725156
acoustic,Text,0.4758811769521919,0.4758811769521919
chibi,Text,0.4758791892844277,0.4758791892844277
fair,Text,0.47582745953303635,0.47582745953303635
sit,Text,0.4755827102720604,0.4755827102720604
skate,Text,-0.47536099767963486,0.47536099767963486
crash,Text,-0.4752169623891499,0.4752169623891499
reach,Text,-0.47508220391793304,0.47508220391793304
anthony,Text,-0.47503785174357877,0.47503785174357877
parker,Text,0.4746517553651433,0.4746517553651433
oh,Text,-0.47443780834938026,0.47443780834938026
kitten,Text,-0.4743842077389561,0.4743842077389561
audio,Text,-0.47422577868431515,0.47422577868431515
album music,Text,-0.4740737969971981,0.4740737969971981
cd recording,Text,-0.47345293309435704,0.47345293309435704
wellness,Text,-0.47338689383219174,0.47338689383219174
destruction,Text,-0.47317209584134556,0.47317209584134556
simon,Text,0.47308860738978636,0.47308860738978636
category_Narrative Film,Category,0.4728701406335474,0.4728701406335474
developer,Text,0.47266349566136867,0.47266349566136867
survival horror,Text,0.47207217169800486,0.47207217169800486
celebration,Text,-0.4717779815164221,0.4717779815164221
iphone android,Text,0.47174100892300824,0.47174100892300824
rocky,Text,-0.4715839801137007,0.4715839801137007
baking,Text,0.4714723895147449,0.4714723895147449
plus,Text,-0.4713837782901941,0.4713837782901941
driven,Text,-0.47137604845523634,0.47137604845523634
speed,Text,-0.4711819383224777,0.4711819383224777
portable,Text,0.4711656209916019,0.4711656209916019
lauren,Text,0.4708426180477979,0.4708426180477979
mo,Text,0.47074351659131813,0.47074351659131813
italian,Text,-0.47050588130621107,0.47050588130621107
electronic,Text,-0.47021363533768,0.47021363533768
pill,Text,-0.4699898879982755,0.4699898879982755
category_Television,Category,-0.46992773917034386,0.46992773917034386
winner,Text,-0.46956808813856393,0.46956808813856393
knot,Text,0.4693831745148775,0.4693831745148775
mason jar,Text,0.46921579914362027,0.46921579914362027
breed,Text,-0.4691525619725146,0.4691525619725146
discovering,Text,-0.4686695546644833,0.4686695546644833
law,Text,-0.46835143794016243,0.46835143794016243
becoming,Text,-0.4683491935295986,0.4683491935295986
north,Text,0.4683084388193237,0.4683084388193237
escape room,Text,-0.46826758000823276,0.46826758000823276
boat,Text,-0.46795212140646986,0.46795212140646986
watt,Text,0.4677911823041528,0.4677911823041528
nano,Text,-0.46778994334282137,0.46778994334282137
new,Text,0.46765557751662473,0.46765557751662473
everyday carry,Text,0.4675704906453604,0.4675704906453604
creatives,Text,-0.4671890546576362,0.4671890546576362
bare,Text,-0.4671684218527433,0.4671684218527433
evil,Text,-0.4664769562847448,0.4664769562847448
ali,Text,0.46589376752120504,0.46589376752120504
green,Text,-0.4655570036123467,0.4655570036123467
christopher,Text,0.4653150874098161,0.4653150874098161
handbag,Text,0.4651744237685428,0.4651744237685428
documenting,Text,0.4650760734380952,0.4650760734380952
lingerie,Text,0.46480528357969536,0.46480528357969536
gear,Text,-0.4646520053360113,0.4646520053360113
tile,Text,-0.46455641389293373,0.46455641389293373
art,Text,-0.46455427293835416,0.46455427293835416
mapping,Text,0.4641608610129892,0.4641608610129892
crow,Text,0.46412378400770327,0.46412378400770327
neighbor,Text,0.4640537704277704,0.4640537704277704
traditional,Text,-0.4640182799137053,0.4640182799137053
crab,Text,-0.46381552191918196,0.46381552191918196
wwii,Text,-0.46371615172353803,0.46371615172353803
wagon,Text,-0.4633065196419427,0.4633065196419427
losing,Text,-0.4631386161588543,0.4631386161588543
fear,Text,-0.46280625424823746,0.46280625424823746
nova,Text,0.4627994822040839,0.4627994822040839
category_Installations,Category,0.46279523376918563,0.46279523376918563
columbus,Text,0.46275573320379715,0.46275573320379715
reign,Text,-0.46273534007331363,0.46273534007331363
stage,Text,-0.46268542944516716,0.46268542944516716
worship ep,Text,0.4622670355820725,0.4622670355820725
sunday,Text,0.46218069597346484,0.46218069597346484
peace,Text,-0.4617817398652307,0.4617817398652307
le,Text,0.4613499062778517,0.4613499062778517
puzzle,Text,-0.4610791240516437,0.4610791240516437
vessel,Text,0.4608443835691045,0.4608443835691045
private,Text,-0.4607937584780335,0.4607937584780335
foreign,Text,0.46056244037037514,0.46056244037037514
bringing back,Text,-0.46044453090029913,0.46044453090029913
chain,Text,-0.460147353534016,0.460147353534016
sun,Text,0.4597058307911702,0.4597058307911702
horror game,Text,-0.4596730486552156,0.4596730486552156
world smallest,Text,0.4595600531487364,0.4595600531487364
nightmare,Text,-0.45949546412319886,0.45949546412319886
room,Text,0.4594699106910274,0.4594699106910274
pressed,Text,0.4590204066706477,0.4590204066706477
enemy,Text,0.45888566719221774,0.45888566719221774
anchor,Text,-0.45876624196054155,0.45876624196054155
variety,Text,-0.4583352311588944,0.4583352311588944
sketch,Text,0.458189190091469,0.458189190091469
california,Text,-0.4580096953181618,0.4580096953181618
happens,Text,-0.45783288480925255,0.45783288480925255
minimalist wallet,Text,0.4578189048900878,0.4578189048900878
technology,Text,-0.45781771511640934,0.45781771511640934
warrior,Text,-0.45765443010480367,0.45765443010480367
maple,Text,0.45758662424282454,0.45758662424282454
photographic,Text,-0.457577201152435,0.457577201152435
hour film,Text,0.45717782400121604,0.45717782400121604
leather wallet,Text,0.457048454754409,0.457048454754409
strap,Text,-0.4570082180492212,0.4570082180492212
next album,Text,0.45684232580593837,0.45684232580593837
riding,Text,-0.45602049434212905,0.45602049434212905
cargo,Text,-0.4559292388746986,0.4559292388746986
corn,Text,-0.45558283457676113,0.45558283457676113
utah,Text,-0.4555628828067265,0.4555628828067265
cold,Text,0.45552130397076124,0.45552130397076124
unleash,Text,0.45549523291747074,0.45549523291747074
video shoot,Text,-0.4549959743175582,0.4549959743175582
society,Text,-0.45493222191165306,0.45493222191165306
secure,Text,-0.45493152084522787,0.45493152084522787
rogue,Text,0.4547110378160425,0.4547110378160425
illustrated,Text,0.4543418291836486,0.4543418291836486
shore,Text,0.45425714740176804,0.45425714740176804
maiden,Text,0.45404781111042497,0.45404781111042497
professor,Text,0.4540254112089758,0.4540254112089758
powered,Text,0.4538021398115655,0.4538021398115655
opener,Text,-0.4537646261943251,0.4537646261943251
harvest,Text,0.45375160257907776,0.45375160257907776
bowl,Text,0.45325054781897883,0.45325054781897883
zoo,Text,-0.4531780218657874,0.4531780218657874
tea,Text,0.45270867443761836,0.45270867443761836
made usa,Text,0.4526179826684224,0.4526179826684224
leash,Text,-0.4524030443660874,0.4524030443660874
almost,Text,0.45237832663893346,0.45237832663893346
duel,Text,0.4523750701126493,0.4523750701126493
written,Text,-0.45196063377889356,0.45196063377889356
village,Text,0.45183462874802716,0.45183462874802716
district,Text,0.451527327688585,0.451527327688585
animated film,Text,0.4513342607973555,0.4513342607973555
buddha,Text,-0.45127461813366504,0.45127461813366504
influence,Text,-0.45127067706142804,0.45127067706142804
ring,Text,0.45121870604647624,0.45121870604647624
gardening,Text,-0.4510195643836326,0.4510195643836326
shaped,Text,-0.450913414921957,0.450913414921957
sherlock holmes,Text,0.4507567635299258,0.4507567635299258
capsule,Text,-0.4505726376562101,0.4505726376562101
coin,Text,0.45045465912298005,0.45045465912298005
pull,Text,-0.4502693285617753,0.4502693285617753
sex,Text,0.449610614079369,0.449610614079369
york city,Text,-0.4495911257338051,0.4495911257338051
time,Text,-0.44938708908915226,0.44938708908915226
classy,Text,-0.4491875045899693,0.4491875045899693
odyssey,Text,0.44890650777342456,0.44890650777342456
focus,Text,0.4486138462603074,0.4486138462603074
daily,Text,0.4485382537644671,0.4485382537644671
action rpg,Text,0.4484364830123427,0.4484364830123427
hardcore,Text,-0.44811628202874865,0.44811628202874865
free library,Text,0.44809560658488135,0.44809560658488135
bigger,Text,0.44808628143109375,0.44808628143109375
surface,Text,-0.4477626563064351,0.4477626563064351
orphan,Text,0.4475636560631721,0.4475636560631721
hannah,Text,0.4473624102624288,0.4473624102624288
big band,Text,0.4470824623566691,0.4470824623566691
charm,Text,0.44680231087914296,0.44680231087914296
pulp,Text,0.4464611392589157,0.4464611392589157
floating,Text,0.446423606716974,0.446423606716974
mad,Text,-0.4464186433322427,0.4464186433322427
book launch,Text,0.44636421366569173,0.44636421366569173
murphy,Text,0.4463447822635791,0.4463447822635791
kid,Text,-0.44625148864177483,0.44625148864177483
world largest,Text,-0.44622020567742804,0.44622020567742804
new year,Text,-0.44595487022922176,0.44595487022922176
skateboarding,Text,-0.445896424505811,0.445896424505811
strategy,Text,-0.4456368552400306,0.4456368552400306
haunt,Text,-0.44508437752805047,0.44508437752805047
tiny,Text,0.4447138383281655,0.4447138383281655
tesla,Text,0.44470527619227296,0.44470527619227296
crate,Text,-0.4440535362808844,0.4440535362808844
south africa,Text,-0.44349038635052074,0.44349038635052074
new short,Text,0.4427505308512665,0.4427505308512665
ian,Text,0.4426897772534507,0.4426897772534507
engineering,Text,-0.4426211315976136,0.4426211315976136
formula,Text,-0.4425004976884434,0.4425004976884434
girl,Text,0.44242328352953525,0.44242328352953525
machined,Text,-0.4421842414914864,0.4421842414914864
book,Text,0.442062801743427,0.442062801743427
well,Text,0.44197548603183784,0.44197548603183784
tournament,Text,-0.441866856921678,0.441866856921678
african american,Text,-0.4418111384246538,0.4418111384246538
field,Text,0.4416459703440687,0.4416459703440687
der,Text,-0.44078881719733454,0.44078881719733454
workshop,Text,0.44019911157737235,0.44019911157737235
se,Text,-0.4401469917003693,0.4401469917003693
art center,Text,-0.43986259439941183,0.43986259439941183
science,Text,0.4396717984665006,0.4396717984665006
category_Couture,Category,-0.4395324215120068,0.4395324215120068
black,Text,-0.4384717507195931,0.4384717507195931
radio station,Text,-0.43781586472590134,0.43781586472590134
socially,Text,-0.43767446887612166,0.43767446887612166
dip,Text,-0.4371611501826569,0.4371611501826569
gamer,Text,-0.43715050482783624,0.43715050482783624
shelf,Text,-0.43668183263647137,0.43668183263647137
printable,Text,0.43665820069996764,0.43665820069996764
sword,Text,0.4365736678003916,0.4365736678003916
shining,Text,-0.436542764711971,0.436542764711971
original,Text,-0.43646432288798803,0.43646432288798803
ultimate,Text,0.43646023456572985,0.43646023456572985
hungry,Text,0.43628410645078364,0.43628410645078364
united state,Text,-0.4356368736673715,0.4356368736673715
fantasy adventure,Text,0.4353276280210877,0.4353276280210877
protection,Text,-0.4352371403604867,0.4352371403604867
rad,Text,0.43506879903288465,0.43506879903288465
bold,Text,0.43494432610707945,0.43494432610707945
opera,Text,-0.4346484440201481,0.4346484440201481
ballet,Text,-0.4345155110205821,0.4345155110205821
holly,Text,0.4343026844000803,0.4343026844000803
spectacular,Text,-0.434236236004652,0.434236236004652
quintet,Text,0.4332788808309785,0.4332788808309785
lake,Text,-0.43322689844917184,0.43322689844917184
vanishing,Text,0.43312880179031216,0.43312880179031216
board,Text,-0.4326882235977391,0.4326882235977391
dare,Text,-0.4322893210396317,0.4322893210396317
thought,Text,-0.43216595013167086,0.43216595013167086
illustrated child,Text,-0.4317379500512418,0.4317379500512418
rap,Text,-0.4317073723386286,0.4317073723386286
free,Text,-0.4315382614638861,0.4315382614638861
alice,Text,0.43142638017753976,0.43142638017753976
controller,Text,-0.43125643338477326,0.43125643338477326
throne,Text,-0.43094890103960576,0.43094890103960576
screening,Text,-0.43081946397389664,0.43081946397389664
east,Text,0.43074700898159207,0.43074700898159207
conflict,Text,-0.43012979133050266,0.43012979133050266
replica,Text,0.4300046384741578,0.4300046384741578
equality,Text,0.4298408189900847,0.4298408189900847
anything,Text,0.4297284336934108,0.4297284336934108
por,Text,-0.42925219811776355,0.42925219811776355
amanda,Text,0.4288602508636112,0.4288602508636112
third album,Text,0.42855186624105424,0.42855186624105424
storage,Text,0.4285185434183616,0.4285185434183616
skeleton,Text,0.4283728642462512,0.4283728642462512
tonight,Text,0.4281928717764471,0.4281928717764471
dr,Text,-0.42807049698123695,0.42807049698123695
yarn,Text,0.4278996516058469,0.4278996516058469
jon,Text,0.42721665831861816,0.42721665831861816
release,Text,0.4271675769823706,0.4271675769823706
cute,Text,-0.4268624797167736,0.4268624797167736
debut ep,Text,0.4268594153402907,0.4268594153402907
crossroad,Text,0.42684764160386723,0.42684764160386723
robotics,Text,0.42668995873943427,0.42668995873943427
machine,Text,0.42655337152584977,0.42655337152584977
astronaut,Text,-0.426194547979366,0.426194547979366
pub,Text,-0.4260880805102748,0.4260880805102748
coloring book,Text,-0.42605963766963656,0.42605963766963656
past,Text,-0.42591770450004096,0.42591770450004096
effect,Text,-0.42590265756400314,0.42590265756400314
wrap,Text,-0.4258735192062142,0.4258735192062142
coaster,Text,-0.4256848609041,0.4256848609041
jordan,Text,-0.4256844771623261,0.4256844771623261
favorite,Text,-0.4256586040700926,0.4256586040700926
space,Text,0.42560966449846843,0.42560966449846843
centre,Text,-0.4255867449704918,0.4255867449704918
sick,Text,-0.42511863154757307,0.42511863154757307
downtown,Text,0.424831706850908,0.424831706850908
frozen,Text,-0.42458040715120104,0.42458040715120104
truly,Text,0.42400610152706275,0.42400610152706275
drunk,Text,-0.4238399760365851,0.4238399760365851
autumn,Text,-0.4238186281708618,0.4238186281708618
new cd,Text,0.4234719212021206,0.4234719212021206
monument,Text,-0.42334684101719844,0.42334684101719844
serial,Text,-0.4231770847450034,0.4231770847450034
mandala,Text,0.42316344907712783,0.42316344907712783
flux,Text,0.42312103451212774,0.42312103451212774
instant,Text,-0.423021868682808,0.423021868682808
lie,Text,-0.42300703330551925,0.42300703330551925
height,Text,-0.42288230184446224,0.42288230184446224
record ep,Text,0.42271813302406586,0.42271813302406586
lane,Text,-0.42254741538548896,0.42254741538548896
believe,Text,-0.42243884333587467,0.42243884333587467
category_Gadgets,Category,0.4224339818775892,0.4224339818775892
ios,Text,-0.4223795810793489,0.4223795810793489
delivered,Text,0.4223366843991173,0.4223366843991173
lens,Text,0.4216875352395417,0.4216875352395417
exile,Text,0.42161510455552936,0.42161510455552936
depression,Text,-0.42128266066928877,0.42128266066928877
bamboo,Text,0.42128025457682156,0.42128025457682156
dna,Text,0.4211092428433027,0.4211092428433027
stop,Text,-0.42108788253157464,0.42108788253157464
creature,Text,0.42099666837744487,0.42099666837744487
working title,Text,0.4209870502721821,0.4209870502721821
know,Text,-0.4208330338958552,0.4208330338958552
steampunk,Text,0.42076949520404316,0.42076949520404316
far,Text,0.42025917911612914,0.42025917911612914
cancer,Text,-0.41992155610777304,0.41992155610777304
fable,Text,0.41972009394255577,0.41972009394255577
exploration,Text,-0.41958962013216283,0.41958962013216283
journalism,Text,0.4195198576594586,0.4195198576594586
puzzle game,Text,-0.41946349650821546,0.41946349650821546
chris,Text,0.41937183704065756,0.41937183704065756
company,Text,-0.41923942803155356,0.41923942803155356
paper,Text,0.4192037029121997,0.4192037029121997
rock band,Text,-0.4190248107655668,0.4190248107655668
rome,Text,-0.4184476760525781,0.4184476760525781
book art,Text,-0.41832544548748696,0.41832544548748696
confection,Text,0.4181070269799328,0.4181070269799328
daddy,Text,-0.4178915284982,0.4178915284982
beach,Text,-0.4177221160875165,0.4177221160875165
morgan,Text,0.41768325757443536,0.41768325757443536
tank,Text,-0.41763730404300925,0.41763730404300925
de,Text,-0.4176363241817046,0.4176363241817046
indie,Text,-0.4171689625483883,0.4171689625483883
season one,Text,-0.4170577700796247,0.4170577700796247
bay,Text,-0.4170258332907194,0.4170258332907194
haiti,Text,0.41691581712149545,0.41691581712149545
dairy,Text,-0.4165188206742811,0.4165188206742811
honey bee,Text,-0.416328954087526,0.416328954087526
monk,Text,0.4156506104789494,0.4156506104789494
chill,Text,-0.4155507641430488,0.4155507641430488
moon,Text,0.41552305591546157,0.41552305591546157
mythology,Text,-0.41541790052182725,0.41541790052182725
organizer,Text,-0.41515151276550927,0.41515151276550927
production present,Text,0.4151175934337074,0.4151175934337074
pad,Text,-0.41460716059549096,0.41460716059549096
portrait project,Text,-0.41454304441819023,0.41454304441819023
billy,Text,0.4143217407202502,0.4143217407202502
victim,Text,-0.41393197934431647,0.41393197934431647
today,Text,-0.41391131582102764,0.41391131582102764
exit,Text,0.41377053601568015,0.41377053601568015
skyline,Text,-0.41364930022741736,0.41364930022741736
australia,Text,-0.4135064478681422,0.4135064478681422
hi,Text,-0.41344121922983185,0.41344121922983185
god,Text,-0.41339920057756596,0.41339920057756596
disease,Text,-0.41332613001090707,0.41332613001090707
vida,Text,-0.41330193534606957,0.41330193534606957
pre,Text,-0.4131963204438999,0.4131963204438999
summit,Text,0.41310583195150363,0.41310583195150363
crystal,Text,-0.41242152515789104,0.41242152515789104
happened,Text,-0.41238549749973313,0.41238549749973313
rabbit,Text,0.4123096325223041,0.4123096325223041
yard,Text,-0.41181746362141897,0.41181746362141897
sweater,Text,0.41153345275036546,0.41153345275036546
steak,Text,-0.4115175662800614,0.4115175662800614
england,Text,-0.4114254907206744,0.4114254907206744
make first,Text,-0.4113531819588423,0.4113531819588423
mastering,Text,0.4113089815889247,0.4113089815889247
augmented,Text,0.41127831431450945,0.41127831431450945
corner,Text,-0.41104233411338337,0.41104233411338337
poke,Text,-0.41087433888657643,0.41087433888657643
improv,Text,0.41036509883267996,0.41036509883267996
carbon fiber,Text,0.41010593441966586,0.41010593441966586
rent,Text,-0.4100914866815514,0.4100914866815514
flexible,Text,0.4099805347541217,0.4099805347541217
sleeping,Text,0.4093415668661379,0.4093415668661379
iot,Text,0.4091638752840832,0.4091638752840832
charlotte,Text,-0.40912614575023165,0.40912614575023165
museum,Text,0.408687083944232,0.408687083944232
new york,Text,-0.40837882909386447,0.40837882909386447
effective,Text,-0.4083614445267732,0.4083614445267732
search,Text,-0.408289552517412,0.408289552517412
category_Embroidery,Category,-0.4080061964190994,0.4080061964190994
stereo,Text,0.40771315968248745,0.40771315968248745
get,Text,-0.4076535918337347,0.4076535918337347
magical,Text,0.40737364317450475,0.40737364317450475
coming age,Text,-0.4071123464271496,0.4071123464271496
trying,Text,-0.40710728549636477,0.40710728549636477
task,Text,-0.4067243873288562,0.4067243873288562
art fair,Text,0.40661342350671054,0.40661342350671054
proof,Text,0.40648811289545755,0.40648811289545755
impact,Text,0.4063093279918326,0.4063093279918326
holmes,Text,0.40627440867874065,0.40627440867874065
donald trump,Text,-0.40589922751000357,0.40589922751000357
one day,Text,-0.40543247964480267,0.40543247964480267
brian,Text,0.405320797861156,0.405320797861156
julia,Text,0.40524746472081263,0.40524746472081263
sophomore album,Text,-0.40512231785296376,0.40512231785296376
recovery,Text,-0.4050328442581166,0.4050328442581166
steve,Text,0.40503089070832743,0.40503089070832743
mixer,Text,0.40466034256118855,0.40466034256118855
cinema,Text,0.40429110602290547,0.40429110602290547
independent feature,Text,-0.40411797518807124,0.40411797518807124
disposable,Text,-0.404000393539105,0.404000393539105
que,Text,0.4036660020927283,0.4036660020927283
bringing,Text,-0.40355570428975196,0.40355570428975196
sheet,Text,-0.4035549717050788,0.4035549717050788
funk,Text,-0.403516765877662,0.403516765877662
marker,Text,-0.40315801692254566,0.40315801692254566
bluetooth,Text,0.40308477856900393,0.40308477856900393
screw,Text,-0.40276473569624255,0.40276473569624255
ep release,Text,-0.4027100550885706,0.4027100550885706
created,Text,-0.40260094663730306,0.40260094663730306
category_Woodworking,Category,-0.402412242704376,0.402412242704376
pencil,Text,0.4023029912288479,0.4023029912288479
poetry,Text,-0.4022167827543963,0.4022167827543963
nc,Text,-0.4020950912327464,0.4020950912327464
album release,Text,-0.40206897748732323,0.40206897748732323
presidential,Text,-0.40203240088699366,0.40203240088699366
hard enamel,Text,-0.40202812053313325,0.40202812053313325
venue,Text,-0.40197429574349297,0.40197429574349297
station,Text,-0.40193734808698106,0.40193734808698106
follow,Text,-0.4014083703940165,0.4014083703940165
dungeon,Text,0.4011941392461489,0.4011941392461489
drum,Text,-0.400432394187355,0.400432394187355
scene,Text,-0.40022484657324664,0.40022484657324664
nude,Text,0.40000002350138825,0.40000002350138825
classroom,Text,0.3998624674181873,0.3998624674181873
main_category_Technology,Category,-0.39981913285138143,0.39981913285138143
madness,Text,-0.3997613214494187,0.3997613214494187
analog,Text,0.3994994021225287,0.3994994021225287
unisex,Text,-0.3992820939776472,0.3992820939776472
naughty,Text,0.39911165652094677,0.39911165652094677
phase,Text,-0.39855742561423096,0.39855742561423096
theatrical,Text,-0.39838340694347285,0.39838340694347285
haiku,Text,0.3982039042823975,0.3982039042823975
unexpected,Text,0.3981319555982564,0.3981319555982564
great american,Text,-0.3981234142212903,0.3981234142212903
arduino,Text,0.39810568785993156,0.39810568785993156
culture,Text,-0.39776602834276625,0.39776602834276625
spiral,Text,-0.3976719739230966,0.3976719739230966
canada,Text,0.3975645660787984,0.3975645660787984
support,Text,-0.39732810193397655,0.39732810193397655
chemistry,Text,0.39729954240226983,0.39729954240226983
phil,Text,0.3972294123481074,0.3972294123481074
iphone,Text,-0.3966424048286647,0.3966424048286647
victorian,Text,0.39636658127008284,0.39636658127008284
steel,Text,-0.3953311330666135,0.3953311330666135
word,Text,-0.3947465903554935,0.3947465903554935
rift,Text,0.3943082275838689,0.3943082275838689
wild west,Text,-0.39425703778024523,0.39425703778024523
canadian,Text,-0.39405568468144636,0.39405568468144636
part,Text,-0.39400273720445694,0.39400273720445694
poem,Text,-0.39390774933673967,0.39390774933673967
lonely,Text,-0.39345389003781434,0.39345389003781434
geek,Text,-0.3933585967629852,0.3933585967629852
britain,Text,-0.39309189928182187,0.39309189928182187
official music,Text,-0.3929624133869994,0.3929624133869994
lounge,Text,-0.3928760232420794,0.3928760232420794
novella,Text,0.39273531313348164,0.39273531313348164
lit,Text,0.3925407401343433,0.3925407401343433
flavor,Text,-0.3921424204480359,0.3921424204480359
void,Text,0.39188228298866407,0.39188228298866407
draft,Text,-0.39177820839141736,0.39177820839141736
bridal,Text,-0.39164111244942235,0.39164111244942235
stadium,Text,-0.3915265004000512,0.3915265004000512
environment,Text,-0.3914839808909082,0.3914839808909082
automation,Text,-0.39129500329296185,0.39129500329296185
mob,Text,0.3912046832608045,0.3912046832608045
comic,Text,-0.39119998952860546,0.39119998952860546
five,Text,0.3910254619300749,0.3910254619300749
vintage,Text,-0.3908083104991265,0.3908083104991265
holy,Text,-0.3907767692175475,0.3907767692175475
brazilian,Text,-0.3906570040699424,0.3906570040699424
split,Text,0.39016605854640246,0.39016605854640246
smartphone,Text,0.3901179083151154,0.3901179083151154
inspiring,Text,-0.38977985324004166,0.38977985324004166
exhibit,Text,0.38958818114799537,0.38958818114799537
lifestyle,Text,-0.3891987951162007,0.3891987951162007
il,Text,0.3890559257831877,0.3890559257831877
match,Text,-0.38900929020034036,0.38900929020034036
outside,Text,0.38898761205945853,0.38898761205945853
em,Text,-0.388714646075793,0.388714646075793
category_Periodicals,Category,0.3886688520607116,0.3886688520607116
summer tour,Text,0.3886201609858598,0.3886201609858598
lp,Text,0.3881805827310019,0.3881805827310019
lincoln,Text,-0.38811712034922263,0.38811712034922263
connect,Text,-0.38790439740188,0.38790439740188
android,Text,-0.38779649343986583,0.38779649343986583
begin,Text,-0.38776504040262016,0.38776504040262016
midsummer,Text,-0.38772389729630974,0.38772389729630974
trilogy,Text,-0.3875600155865831,0.3875600155865831
buffalo,Text,0.3875484955771872,0.3875484955771872
help get,Text,-0.38730516262359094,0.38730516262359094
along,Text,0.3869739934804744,0.3869739934804744
colouring book,Text,-0.3866628914822945,0.3866628914822945
sphere,Text,0.38649489898722433,0.38649489898722433
privacy,Text,0.3864933037853698,0.3864933037853698
via,Text,-0.3864596504938911,0.3864596504938911
loop,Text,0.3862202199589503,0.3862202199589503
radio show,Text,-0.38609465797956427,0.38609465797956427
breakfast,Text,-0.38598798650481725,0.38598798650481725
taking,Text,-0.385224545519512,0.385224545519512
category_Live Games,Category,-0.3849404608679497,0.3849404608679497
writing,Text,-0.38461100427263645,0.38461100427263645
sauce,Text,-0.3845390916560473,0.3845390916560473
endless,Text,0.3842726922777844,0.3842726922777844
du,Text,0.3837848459089891,0.3837848459089891
darkness,Text,-0.38351503995185804,0.38351503995185804
video game,Text,0.3834519061959309,0.3834519061959309
diversity,Text,-0.3832883274361544,0.3832883274361544
van,Text,0.38309899351861804,0.38309899351861804
ornament,Text,0.38300510791987746,0.38300510791987746
kyle,Text,-0.3826676374205785,0.3826676374205785
drink,Text,-0.3821332255667275,0.3821332255667275
debut solo,Text,0.3820356524312809,0.3820356524312809
robot,Text,0.38199697489620466,0.38199697489620466
rose,Text,-0.38197173945740015,0.38197173945740015
relief,Text,-0.38173043603348145,0.38173043603348145
lite,Text,-0.3814710069446763,0.3814710069446763
artprize,Text,0.38135582714542304,0.38135582714542304
compendium,Text,0.3813399338217507,0.3813399338217507
film,Text,0.3810120859906524,0.3810120859906524
silk,Text,0.38093217151460046,0.38093217151460046
ann,Text,-0.3809239020349818,0.3809239020349818
open,Text,0.38072137034611303,0.38072137034611303
memory,Text,-0.38070582634975614,0.38070582634975614
category_Science Fiction,Category,0.3806475527387232,0.3806475527387232
searching,Text,-0.380620396969483,0.380620396969483
finally,Text,0.3803913892090542,0.3803913892090542
mexico,Text,0.3802111417216033,0.3802111417216033
security,Text,-0.380134804511985,0.380134804511985
railroad,Text,0.3800661471809075,0.3800661471809075
category_3D Printing,Category,0.37984402654809624,0.37984402654809624
bucket,Text,-0.3792521034398344,0.3792521034398344
singing,Text,-0.37901739761727293,0.37901739761727293
shark,Text,0.3787586306788916,0.3787586306788916
et,Text,-0.37856179887328717,0.37856179887328717
bone,Text,0.37780651319245606,0.37780651319245606
resistance,Text,0.3778023200347666,0.3778023200347666
american,Text,-0.3775564965707304,0.3775564965707304
kick,Text,0.3773994727608811,0.3773994727608811
sign,Text,-0.3773532309731476,0.3773532309731476
break,Text,-0.3768089583550677,0.3768089583550677
balance,Text,-0.3767983849708132,0.3767983849708132
arena,Text,-0.3767110251577246,0.3767110251577246
want record,Text,-0.37660536681627915,0.37660536681627915
mister,Text,0.37653308553779835,0.37653308553779835
new song,Text,0.37629634285704183,0.37629634285704183
silly,Text,-0.37623380353382063,0.37623380353382063
festival,Text,0.37620730440997113,0.37620730440997113
fi,Text,0.37607624381776317,0.37607624381776317
march,Text,0.37601559875929086,0.37601559875929086
life death,Text,0.3757271274262463,0.3757271274262463
hawaiian,Text,0.37563327948382397,0.37563327948382397
salvation,Text,-0.3755100915813289,0.3755100915813289
senior thesis,Text,0.3754834320078682,0.3754834320078682
art show,Text,-0.37545093713785577,0.37545093713785577
leo,Text,-0.3752462208513432,0.3752462208513432
laser cut,Text,-0.37518472775022077,0.37518472775022077
let make,Text,-0.3751431194425969,0.3751431194425969
foster,Text,0.37511856980361785,0.37511856980361785
orion,Text,0.37506157271209195,0.37506157271209195
enough,Text,-0.37484514792232265,0.37484514792232265
photo book,Text,0.37477268631609345,0.37477268631609345
amber,Text,-0.37468609102599143,0.37468609102599143
la,Text,0.37461479329444075,0.37461479329444075
restore,Text,0.3745965305886154,0.3745965305886154
real world,Text,-0.3743497510782601,0.3743497510782601
trash,Text,-0.3735529434218338,0.3735529434218338
reunion,Text,-0.37350910169293167,0.37350910169293167
rebel,Text,-0.37296624589111327,0.37296624589111327
maya,Text,0.37288460548621644,0.37288460548621644
perception,Text,-0.3728734667396649,0.3728734667396649
fan film,Text,-0.37281751246437955,0.37281751246437955
locally,Text,0.3727462564097177,0.3727462564097177
interactive,Text,-0.37265090179643356,0.37265090179643356
kindness,Text,-0.37235295218100134,0.37235295218100134
valentine day,Text,0.37218954372303087,0.37218954372303087
edit,Text,0.37216353660077556,0.37216353660077556
concert series,Text,-0.3716283522331826,0.3716283522331826
mist,Text,0.3714679834907822,0.3714679834907822
innovative,Text,-0.3713594753265454,0.3713594753265454
cheese,Text,0.3713236030116571,0.3713236030116571
night dream,Text,0.3712946051097493,0.3712946051097493
habitat,Text,-0.37113093613447645,0.37113093613447645
bread,Text,0.3710231331754079,0.3710231331754079
extravaganza,Text,0.3709998266774938,0.3709998266774938
clothes,Text,-0.37085651087935934,0.37085651087935934
infinite,Text,0.3708542801091052,0.3708542801091052
authentic,Text,-0.37080237236674296,0.37080237236674296
smartphones,Text,0.3706497706189497,0.3706497706189497
ed,Text,0.37063292180550633,0.37063292180550633
catalogue,Text,0.3705003349315556,0.3705003349315556
visionary,Text,0.3704324760810995,0.3704324760810995
year,Text,0.3703076775457321,0.3703076775457321
cleveland,Text,0.3702342916774828,0.3702342916774828
resource,Text,0.36981223007659936,0.36981223007659936
category_Metal,Category,-0.36970683361244194,0.36970683361244194
cinematic,Text,-0.3692345786981507,0.3692345786981507
computer,Text,0.3689471285891597,0.3689471285891597
jam,Text,-0.3685933675198461,0.3685933675198461
vampire,Text,-0.36802698257364747,0.36802698257364747
hip,Text,-0.36781851148518757,0.36781851148518757
waste,Text,-0.36773539870057775,0.36773539870057775
leave,Text,-0.3674287819241833,0.3674287819241833
spoken,Text,-0.36703546485365535,0.36703546485365535
route,Text,-0.36656390638410136,0.36656390638410136
revolution,Text,0.3663716382010983,0.3663716382010983
lace,Text,-0.3662881139936933,0.3662881139936933
caddy,Text,-0.36618915598226875,0.36618915598226875
grown,Text,0.366171217956332,0.366171217956332
phone tablet,Text,0.36574576018177285,0.36574576018177285
fine art,Text,-0.36574166961924537,0.36574166961924537
bow tie,Text,0.36571336835908186,0.36571336835908186
wake,Text,0.3656971296351441,0.3656971296351441
sean,Text,0.36568230149441633,0.36568230149441633
perry,Text,-0.3656768706370761,0.3656768706370761
basement,Text,0.36566944429751386,0.36566944429751386
maker,Text,0.36534934377331163,0.36534934377331163
empty,Text,0.36512959095741065,0.36512959095741065
cabin,Text,-0.3650711034855383,0.3650711034855383
chapter,Text,0.36499211591701236,0.36499211591701236
triumph,Text,0.36497504812293763,0.36497504812293763
important,Text,0.36494707667678583,0.36494707667678583
food truck,Text,-0.3647661566179871,0.3647661566179871
action adventure,Text,0.3647656332691634,0.3647656332691634
solution,Text,-0.36453023277095115,0.36453023277095115
penny,Text,0.3642370108633432,0.3642370108633432
jake,Text,0.3640670980537048,0.3640670980537048
bluetooth speaker,Text,-0.36395922950849136,0.36395922950849136
disabled,Text,-0.36333058712305916,0.36333058712305916
beta,Text,0.362770166023895,0.362770166023895
category_Drama,Category,0.36259563012292284,0.36259563012292284
always,Text,-0.362534388969334,0.362534388969334
drift,Text,0.3622279657958919,0.3622279657958919
panel,Text,-0.3618748625330495,0.3618748625330495
pre production,Text,-0.3618106395174804,0.3618106395174804
ken,Text,0.36161583592848895,0.36161583592848895
oven,Text,0.36153112949767974,0.36153112949767974
empowering,Text,0.361476048335706,0.361476048335706
hard,Text,0.3612522402435392,0.3612522402435392
grill,Text,-0.3612506177623132,0.3612506177623132
outdoor,Text,-0.3611313475101651,0.3611313475101651
director,Text,0.3609686035821658,0.3609686035821658
category_Crafts,Category,-0.3606632121735193,0.3606632121735193
senior,Text,0.36034919714595337,0.36034919714595337
national,Text,-0.36026347595917735,0.36026347595917735
denver,Text,0.3600612839819417,0.3600612839819417
esports,Text,-0.3599789990571882,0.3599789990571882
chair,Text,-0.35971085254949553,0.35971085254949553
distance,Text,0.3595131957897191,0.3595131957897191
first novel,Text,-0.3593720127344884,0.3593720127344884
jersey,Text,-0.35935892394158636,0.35935892394158636
plant,Text,0.35925267532388566,0.35925267532388566
pleasure,Text,0.3589387242878693,0.3589387242878693
kitty,Text,-0.358872918582931,0.358872918582931
category_Zines,Category,0.3587846317942465,0.3587846317942465
pending,Text,-0.35875233130576356,0.35875233130576356
garden,Text,0.35866373930783185,0.35866373930783185
wax,Text,0.35865565846690955,0.35865565846690955
new home,Text,0.3583895752282078,0.3583895752282078
concrete,Text,-0.3583629963993433,0.3583629963993433
michelle,Text,0.3582120301362713,0.3582120301362713
alan,Text,0.3581446075821386,0.3581446075821386
new kind,Text,-0.35807881165721345,0.35807881165721345
superior,Text,0.3580187685258431,0.3580187685258431
wrist,Text,-0.35736614634215025,0.35736614634215025
day life,Text,-0.35736458989969333,0.35736458989969333
rebellion,Text,0.35729698184389586,0.35729698184389586
dining,Text,-0.3572891135348523,0.3572891135348523
country_BE,Category,0.35700642283534306,0.35700642283534306
pilgrimage,Text,0.3568368534611433,0.3568368534611433
doug,Text,-0.35662693276588153,0.35662693276588153
immersive,Text,-0.35654838313327825,0.35654838313327825
quality,Text,0.3564468546152982,0.3564468546152982
running,Text,-0.35639057681544484,0.35639057681544484
eagle,Text,0.3563446016812581,0.3563446016812581
clay,Text,0.3561653992839425,0.3561653992839425
designer,Text,-0.35591347726349715,0.35591347726349715
look,Text,-0.35570710946253375,0.35570710946253375
available,Text,-0.35521169279565873,0.35521169279565873
came,Text,-0.3551259169504563,0.3551259169504563
tiger,Text,0.355113765043753,0.355113765043753
perfectly,Text,0.3549796688528455,0.3549796688528455
debut studio,Text,-0.35497767216073123,0.35497767216073123
vincent,Text,0.35464650013864457,0.35464650013864457
little,Text,0.3541681050838394,0.3541681050838394
nobody,Text,-0.3539092461835368,0.3539092461835368
michigan,Text,-0.3538807482281655,0.3538807482281655
carol,Text,0.35386863180068917,0.35386863180068917
alex,Text,0.35380239920474343,0.35380239920474343
broadcast,Text,-0.35336469840907314,0.35336469840907314
attack,Text,-0.3531708025504965,0.3531708025504965
pathfinder rpg,Text,0.3531495090519473,0.3531495090519473
world cup,Text,-0.35288532606859097,0.35288532606859097
cut,Text,0.35271976993598086,0.35271976993598086
kat,Text,0.35241857124933557,0.35241857124933557
reader,Text,-0.3523641854785102,0.3523641854785102
lighting,Text,-0.35209928738141405,0.35209928738141405
blood,Text,-0.3519805966618095,0.3519805966618095
transgender,Text,-0.3519264270549759,0.3519264270549759
help finish,Text,-0.3518475428221275,0.3518475428221275
see,Text,-0.35181215872673055,0.35181215872673055
coffee,Text,0.3515207438751974,0.3515207438751974
burning,Text,0.35143617912075914,0.35143617912075914
maybe,Text,0.3514234585905284,0.3514234585905284
puppet,Text,0.3512952977391435,0.3512952977391435
fairy tale,Text,0.3510862080212088,0.3510862080212088
disaster,Text,-0.3505117129552266,0.3505117129552266
love,Text,-0.350335143971907,0.350335143971907
jim,Text,0.35021612280796505,0.35021612280796505
satellite,Text,0.35021488613412904,0.35021488613412904
bean,Text,-0.3501498654639421,0.3501498654639421
anti bullying,Text,0.3497816338009776,0.3497816338009776
category_Translations,Category,-0.34969167574643106,0.34969167574643106
auto,Text,0.3496526676732111,0.3496526676732111
harbor,Text,0.349454164716038,0.349454164716038
anywhere,Text,0.34945164452727434,0.34945164452727434
lunar,Text,-0.3493492704162362,0.3493492704162362
chaos,Text,-0.3491974479008022,0.3491974479008022
perform,Text,-0.349153849243642,0.349153849243642
category_Video Art,Category,-0.34891805085237265,0.34891805085237265
crafted,Text,0.3489023278954529,0.3489023278954529
shop,Text,-0.3488786593987835,0.3488786593987835
legendary,Text,0.3487983997327576,0.3487983997327576
customized,Text,0.34872242426491873,0.34872242426491873
save life,Text,-0.34867760621862276,0.34867760621862276
epic,Text,0.34860680727754634,0.34860680727754634
fancy,Text,0.3481660574759209,0.3481660574759209
wisconsin,Text,0.34716610298185785,0.34716610298185785
co,Text,0.3471617171081313,0.3471617171081313
chameleon,Text,-0.34701991124192133,0.34701991124192133
galaxy,Text,-0.34688844833769306,0.34688844833769306
new play,Text,0.3467478758959105,0.3467478758959105
submission,Text,-0.34655034464272955,0.34655034464272955
dual,Text,0.3464319990900493,0.3464319990900493
doll,Text,0.3463962871418568,0.3463962871418568
buy,Text,-0.34601952989616397,0.34601952989616397
container,Text,-0.3459847693050071,0.3459847693050071
durable,Text,0.3459534197277468,0.3459534197277468
espresso,Text,0.34591928741337696,0.34591928741337696
daniel,Text,0.345755523609656,0.345755523609656
first studio,Text,0.34572953214567725,0.34572953214567725
danger,Text,0.34560832272647857,0.34560832272647857
bluegrass,Text,0.34522624903242083,0.34522624903242083
english,Text,-0.3451165904787911,0.3451165904787911
blossom,Text,-0.34511432376424406,0.34511432376424406
emma,Text,0.3449346480578475,0.3449346480578475
phantom,Text,-0.34484514946812633,0.34484514946812633
anime,Text,-0.3448016860646998,0.3448016860646998
category_Textiles,Category,-0.3447073840237345,0.3447073840237345
pollution,Text,0.3446604314574465,0.3446604314574465
less,Text,0.34460936601658315,0.34460936601658315
combo,Text,-0.34454281690169497,0.34454281690169497
national park,Text,-0.3445055378238667,0.3445055378238667
mag,Text,0.3440924599092085,0.3440924599092085
shave,Text,-0.34405019754493393,0.34405019754493393
hat,Text,-0.34395679893573444,0.34395679893573444
calling,Text,-0.3436930611478097,0.3436930611478097
friend,Text,-0.34362133106850656,0.34362133106850656
om,Text,-0.3434098667140914,0.3434098667140914
jump,Text,-0.34340330812183756,0.34340330812183756
root,Text,0.343269898127367,0.343269898127367
category_Audio,Category,-0.34244216487378903,0.34244216487378903
bistro,Text,-0.34238303622999344,0.34238303622999344
joel,Text,0.34163831254817373,0.34163831254817373
cash,Text,0.34160577996815555,0.34160577996815555
mt,Text,-0.34153626256333564,0.34153626256333564
holiday,Text,-0.34142696324223104,0.34142696324223104
print,Text,0.3413944436813221,0.3413944436813221
scooter,Text,0.3413859804657967,0.3413859804657967
roll,Text,-0.3413571198973703,0.3413571198973703
vinyl,Text,0.3412681552948504,0.3412681552948504
campus,Text,-0.3411231273596793,0.3411231273596793
rebuilding,Text,-0.34094970376865086,0.34094970376865086
burlesque,Text,0.3407821141765584,0.3407821141765584
relic,Text,0.3406560314464153,0.3406560314464153
cozy,Text,-0.34060038003506465,0.34060038003506465
walk,Text,-0.3404807564876703,0.3404807564876703
"country_N,0""",Category,0.3404529771716618,0.3404529771716618
frame,Text,-0.34041454589325465,0.34041454589325465
mobile game,Text,0.3400310107499152,0.3400310107499152
smile,Text,-0.3397581017079709,0.3397581017079709
splash,Text,-0.3397212797260969,0.3397212797260969
breaking,Text,-0.3391926221228209,0.3391926221228209
finest,Text,-0.3391683091239272,0.3391683091239272
dick,Text,0.33907170000984366,0.33907170000984366
milwaukee,Text,0.33906087415642344,0.33906087415642344
brick,Text,-0.3385067832617218,0.3385067832617218
category_Kids,Category,0.33826961652450993,0.33826961652450993
workbook,Text,0.3381129897590753,0.3381129897590753
comedic,Text,-0.3380393046216738,0.3380393046216738
guardian,Text,-0.33802584384557177,0.33802584384557177
survive,Text,-0.3378276983313849,0.3378276983313849
michael,Text,-0.3374600116416467,0.3374600116416467
positive,Text,-0.3374154700667491,0.3374154700667491
vegetarian,Text,-0.33740737137485605,0.33740737137485605
fabulous,Text,-0.33724668558765214,0.33724668558765214
row,Text,0.33722220738576864,0.33722220738576864
scar,Text,-0.3371030319528358,0.3371030319528358
pendant,Text,0.33701300389602346,0.33701300389602346
martial art,Text,-0.3365944429690219,0.3365944429690219
advertising,Text,-0.3365190399724239,0.3365190399724239
joey,Text,0.3360336265723785,0.3360336265723785
buzz,Text,-0.33590889124553674,0.33590889124553674
count,Text,-0.33572514713559415,0.33572514713559415
kayak,Text,-0.33570167878316765,0.33570167878316765
editor,Text,0.3356790339411532,0.3356790339411532
bakery,Text,0.3354421110479436,0.3354421110479436
virtual,Text,-0.3353977501013772,0.3353977501013772
breast,Text,0.33534314689799416,0.33534314689799416
willow,Text,-0.33520107511033137,0.33520107511033137
donate,Text,-0.33505417969955653,0.33505417969955653
shield,Text,-0.3350118949418535,0.3350118949418535
nowhere,Text,0.33492990108103277,0.33492990108103277
audience,Text,0.3347315413705642,0.3347315413705642
descent,Text,-0.3345550153597239,0.3345550153597239
devil,Text,-0.33424590522800524,0.33424590522800524
mma,Text,-0.3338747585615449,0.3338747585615449
self,Text,-0.3338616271717879,0.3338616271717879
luna,Text,0.3337951684359026,0.3337951684359026
nature,Text,-0.33362286778736167,0.33362286778736167
hike,Text,0.3335729719289506,0.3335729719289506
nick,Text,-0.33251602388770185,0.33251602388770185
jungle,Text,0.3323498421027657,0.3323498421027657
mini,Text,0.331935630939806,0.331935630939806
named,Text,0.3319295779546792,0.3319295779546792
santa,Text,-0.33185489142325014,0.33185489142325014
group,Text,-0.331706906205976,0.331706906205976
currency_AUD,Category,0.331277297720871,0.331277297720871
spray,Text,-0.33127595205442567,0.33127595205442567
death,Text,-0.3310959125901788,0.3310959125901788
direction,Text,-0.3306394270181289,0.3306394270181289
grade,Text,-0.3305199275703057,0.3305199275703057
franklin,Text,-0.33048038877167024,0.33048038877167024
ft,Text,0.3302248521002143,0.3302248521002143
math,Text,-0.3298490355442737,0.3298490355442737
footwear,Text,0.3295372390414406,0.3295372390414406
album video,Text,-0.3295285398017893,0.3295285398017893
comedy series,Text,0.32949050684008463,0.32949050684008463
balloon,Text,-0.329154898082322,0.329154898082322
fusion,Text,-0.3284832462186236,0.3284832462186236
vinyl lp,Text,-0.32844484553141023,0.32844484553141023
action,Text,-0.3283131212149509,0.3283131212149509
recording first,Text,-0.32818442805576126,0.32818442805576126
toe,Text,-0.32780422116489805,0.32780422116489805
butterfly,Text,-0.32776942184208435,0.32776942184208435
rover,Text,-0.3277671766523674,0.3277671766523674
live music,Text,-0.3273384171976395,0.3273384171976395
knock,Text,-0.32730006397977973,0.32730006397977973
soft,Text,-0.32728292570006556,0.32728292570006556
book project,Text,0.3268856741544667,0.3268856741544667
blade,Text,0.3265741941429609,0.3265741941429609
learn,Text,0.3265263888741079,0.3265263888741079
talking,Text,-0.32651738410268977,0.32651738410268977
token,Text,0.3265073133540913,0.3265073133540913
suit,Text,-0.3263386910684785,0.3263386910684785
aquarium,Text,0.32604095773475855,0.32604095773475855
kansa city,Text,0.32600492375054196,0.32600492375054196
mustache,Text,0.3257078134045744,0.3257078134045744
nutrition,Text,-0.32555938589557176,0.32555938589557176
boom,Text,0.3254914778762983,0.3254914778762983
skincare,Text,0.3253180789098134,0.3253180789098134
vision,Text,-0.3250368950397085,0.3250368950397085
skill,Text,-0.324931511901017,0.324931511901017
documentary project,Text,-0.32479932604264733,0.32479932604264733
coolest,Text,0.3246032391098293,0.3246032391098293
feature documentary,Text,0.3245704846187337,0.3245704846187337
bunny,Text,0.3245183656255378,0.3245183656255378
twin,Text,0.3243636403278754,0.3243636403278754
earth,Text,-0.32421146348126206,0.32421146348126206
monitor,Text,-0.32406013928475363,0.32406013928475363
mural,Text,0.32401570603061935,0.32401570603061935
ad,Text,-0.3239781035754299,0.3239781035754299
honey,Text,0.32392336125814436,0.32392336125814436
category_Animals,Category,-0.32388198816444697,0.32388198816444697
killer,Text,-0.3238545327525508,0.3238545327525508
honest,Text,-0.32383914230663763,0.32383914230663763
monthly,Text,-0.3236529702201622,0.3236529702201622
pi,Text,-0.32359955373412125,0.32359955373412125
outlaw,Text,0.3233187259496521,0.3233187259496521
cassette,Text,0.3232326893674655,0.3232326893674655
sci,Text,-0.3232042624924138,0.3232042624924138
dead,Text,-0.32295230258683655,0.32295230258683655
category_Documentary,Category,0.32294568307794813,0.32294568307794813
data,Text,-0.3228668264181833,0.3228668264181833
bride,Text,0.32253373231767146,0.32253373231767146
rice,Text,0.3221179346926011,0.3221179346926011
fi short,Text,0.32192998549426827,0.32192998549426827
tasty,Text,-0.3219005741493462,0.3219005741493462
approach,Text,-0.32175705664956505,0.32175705664956505
uspcc,Text,0.32155289822699334,0.32155289822699334
length film,Text,-0.32154193028254524,0.32154193028254524
streaming,Text,0.32125260176496373,0.32125260176496373
stolen,Text,-0.32067238409719356,0.32067238409719356
category_Printing,Category,-0.320612337275214,0.320612337275214
return,Text,0.32056240283026466,0.32056240283026466
inn,Text,0.32042680627478504,0.32042680627478504
safe,Text,-0.32024191650803036,0.32024191650803036
short film,Text,0.3199893476217316,0.3199893476217316
inspired,Text,0.319743551501111,0.319743551501111
dollar,Text,-0.3194688225638764,0.3194688225638764
base,Text,-0.3190867316683738,0.3190867316683738
sir,Text,-0.31890145104729467,0.31890145104729467
danny,Text,0.31832805107663475,0.31832805107663475
stem,Text,-0.3179934105276423,0.3179934105276423
intelligent,Text,0.3179477248837624,0.3179477248837624
el,Text,-0.31787405629887566,0.31787405629887566
programmable,Text,0.31784181041147935,0.31784181041147935
magician,Text,0.3178230850217702,0.3178230850217702
echo,Text,0.3174526670433988,0.3174526670433988
soldier,Text,-0.3174187195077821,0.3174187195077821
unseen,Text,-0.3173868975549383,0.3173868975549383
tu,Text,-0.31688232777624853,0.31688232777624853
snowboard,Text,-0.31664048939246014,0.31664048939246014
brain,Text,0.31661825677285177,0.31661825677285177
squad,Text,-0.31657540869625533,0.31657540869625533
superhero,Text,-0.31614932017316566,0.31614932017316566
eve,Text,-0.3160523575436401,0.3160523575436401
simulation,Text,-0.3159819910609808,0.3159819910609808
sailor,Text,-0.3156639871189156,0.3156639871189156
spider,Text,-0.3156394757884193,0.3156394757884193
batch,Text,0.31541022118355144,0.31541022118355144
episode,Text,-0.31516337283678314,0.31516337283678314
heritage,Text,-0.3151114853714873,0.3151114853714873
spot,Text,-0.3150854086928908,0.3150854086928908
brew,Text,0.31497580754183163,0.31497580754183163
category_Latin,Category,-0.31490441433738015,0.31490441433738015
crane,Text,0.31451063597784,0.31451063597784
companion,Text,0.31425020891685745,0.31425020891685745
county,Text,-0.31412306885930474,0.31412306885930474
art installation,Text,0.31364743733733197,0.31364743733733197
category_Comedy,Category,0.3130848571598105,0.3130848571598105
ep project,Text,-0.31275242473633913,0.31275242473633913
plug,Text,0.3126159373977382,0.3126159373977382
wildlife,Text,-0.3125968044202381,0.3125968044202381
going,Text,0.31254626448130574,0.31254626448130574
barrier,Text,-0.3123931552417872,0.3123931552417872
category_Ceramics,Category,0.31223656461710647,0.31223656461710647
country_IE,Category,0.31197735129158266,0.31197735129158266
people,Text,-0.31186014492218367,0.31186014492218367
gateway,Text,-0.3114670027186872,0.3114670027186872
red,Text,0.3114399306780329,0.3114399306780329
bag,Text,0.31139241910995424,0.31139241910995424
james,Text,0.31127453755087386,0.31127453755087386
titan,Text,-0.3109603035083756,0.3109603035083756
tennessee,Text,-0.31086997688625956,0.31086997688625956
dance,Text,-0.3104528694071957,0.3104528694071957
pirate,Text,-0.31040452178685457,0.31040452178685457
wife,Text,0.31034882720567863,0.31034882720567863
platform,Text,-0.3102662833108275,0.3102662833108275
guild,Text,-0.3102525648471941,0.3102525648471941
tee shirt,Text,-0.3102331918908441,0.3102331918908441
joy,Text,0.309569536526645,0.309569536526645
toast,Text,0.3095159660012977,0.3095159660012977
table book,Text,-0.3094668728017813,0.3094668728017813
music project,Text,-0.3094292976092986,0.3094292976092986
wisdom,Text,-0.3091113812609852,0.3091113812609852
cole,Text,-0.308809945390344,0.308809945390344
brilliant,Text,0.30872894627366326,0.30872894627366326
fox,Text,0.3086443620499093,0.3086443620499093
couple,Text,-0.30853073702307,0.30853073702307
never,Text,-0.3084283574783417,0.3084283574783417
make,Text,0.30842049756154327,0.30842049756154327
beef jerky,Text,-0.30811646958492317,0.30811646958492317
cave,Text,0.30803912652687054,0.30803912652687054
fast,Text,-0.30787748834561113,0.30787748834561113
automatic,Text,0.30746341878283695,0.30746341878283695
open source,Text,0.30724629008343074,0.30724629008343074
happen,Text,-0.3063593066367467,0.3063593066367467
utopia,Text,-0.3063326714548028,0.3063326714548028
lotus,Text,0.30627390523993825,0.30627390523993825
as,Text,-0.3062146138586745,0.3062146138586745
learning,Text,-0.3061264392383707,0.3061264392383707
brewery,Text,0.30600277732858633,0.30600277732858633
emoji,Text,-0.30588308534191616,0.30588308534191616
adventure,Text,-0.30574722360608286,0.30574722360608286
veil,Text,-0.3057418727068718,0.3057418727068718
main_category_Food,Category,-0.3057233782718631,0.3057233782718631
hoodies,Text,0.30559319287490133,0.30559319287490133
goat,Text,0.30548289306682647,0.30548289306682647
newest,Text,0.30547020855285595,0.30547020855285595
bronze,Text,-0.3051266139054229,0.3051266139054229
last,Text,0.30501303003974806,0.30501303003974806
israel,Text,-0.30490865966505254,0.30490865966505254
battery,Text,0.3048101903447095,0.3048101903447095
link,Text,-0.304643423506556,0.304643423506556
fin,Text,-0.3045523878768643,0.3045523878768643
dive,Text,0.30424104779525357,0.30424104779525357
mysterious,Text,0.3038602138933724,0.3038602138933724
rocket,Text,0.3038187490500712,0.3038187490500712
starship,Text,0.3036634301406247,0.3036634301406247
nomad,Text,0.3035831690119191,0.3035831690119191
renovation,Text,0.30354726902978174,0.30354726902978174
iv,Text,0.3035251918153079,0.3035251918153079
learned,Text,-0.30343431903461865,0.30343431903461865
site,Text,-0.3033459515331047,0.3033459515331047
bracelet,Text,-0.3029863145237531,0.3029863145237531
herb,Text,0.3028831898728154,0.3028831898728154
heard,Text,-0.3026692699108205,0.3026692699108205
pot,Text,-0.30261151846879186,0.30261151846879186
mental health,Text,-0.30260993599281644,0.30260993599281644
infused,Text,-0.302560629219549,0.302560629219549
davis,Text,0.3025239583681078,0.3025239583681078
alphabet,Text,0.3019611691814015,0.3019611691814015
code,Text,0.3019553000029223,0.3019553000029223
pulse,Text,0.30193827797692574,0.30193827797692574
world,Text,-0.30178484832274893,0.30178484832274893
lighter,Text,0.30164621282128057,0.30164621282128057
prize,Text,-0.3015135356399383,0.3015135356399383
carrier,Text,0.3015021094577115,0.3015021094577115
drawn,Text,0.30147740445181587,0.30147740445181587
rescue,Text,-0.30145336374253895,0.30145336374253895
bbq sauce,Text,-0.30126592718859824,0.30126592718859824
revealed,Text,-0.30126545780992486,0.30126545780992486
mountain,Text,0.301129716096735,0.301129716096735
horror feature,Text,0.3010342735376698,0.3010342735376698
creative,Text,-0.3009744393495829,0.3009744393495829
fashion week,Text,0.30064029919669766,0.30064029919669766
best,Text,-0.3006057651004879,0.3006057651004879
create,Text,-0.30025693899639266,0.30025693899639266
go,Text,0.3002288767469152,0.3002288767469152
playhouse,Text,-0.3000098951049597,0.3000098951049597
rio,Text,0.2999540673910203,0.2999540673910203
mitchell,Text,0.2999240166819235,0.2999240166819235
major,Text,-0.2997994857691056,0.2997994857691056
kiss,Text,-0.299758334122541,0.299758334122541
travel,Text,0.2997271901585538,0.2997271901585538
presented,Text,0.2996577764879423,0.2996577764879423
let go,Text,-0.2994348372001816,0.2994348372001816
second,Text,0.2991103190966611,0.2991103190966611
belle,Text,0.29901979622441777,0.29901979622441777
good,Text,0.29899264379044954,0.29899264379044954
bridge,Text,0.2989493542824036,0.2989493542824036
forever,Text,-0.29870362749334256,0.29870362749334256
restoration,Text,-0.2984579115266438,0.2984579115266438
country_DK,Category,-0.2982993236967612,0.2982993236967612
eye,Text,-0.2981503648247961,0.2981503648247961
new orleans,Text,0.29808438211680266,0.29808438211680266
pilot episode,Text,0.2980576237227847,0.2980576237227847
ruin,Text,0.2980529796114303,0.2980529796114303
election,Text,-0.29787328490581666,0.29787328490581666
wristband,Text,-0.2975510407482034,0.2975510407482034
honor,Text,-0.2970500699688408,0.2970500699688408
category_Ready-to-wear,Category,-0.2968633649109329,0.2968633649109329
wish,Text,-0.2968464869683874,0.2968464869683874
fake,Text,-0.2967894497242761,0.2967894497242761
main_category_Publishing,Category,-0.2967495383387817,0.2967495383387817
vet,Text,-0.2965944180138216,0.2965944180138216
west coast,Text,0.2965766133149111,0.2965766133149111
pit,Text,-0.29643237956440827,0.29643237956440827
cult,Text,-0.29604658742151957,0.29604658742151957
kenya,Text,0.29594583298799026,0.29594583298799026
simple,Text,-0.2959144544026977,0.2959144544026977
d20,Text,-0.2959022589026487,0.2959022589026487
terrain,Text,0.29527957860404136,0.29527957860404136
avenue,Text,0.29510258998569516,0.29510258998569516
composer,Text,0.2950367132647913,0.2950367132647913
studio,Text,-0.29493417572374586,0.29493417572374586
aerial,Text,-0.2948073519653287,0.2948073519653287
prime,Text,-0.2944589156450707,0.2944589156450707
beyond,Text,0.29432948719921787,0.29432948719921787
stuffed,Text,-0.29425450677525133,0.29425450677525133
hustle,Text,-0.29423255636864926,0.29423255636864926
record album,Text,0.294160631554156,0.294160631554156
record debut,Text,-0.29370481415004335,0.29370481415004335
ride,Text,-0.29367979556028806,0.29367979556028806
movie,Text,-0.2936577514177369,0.2936577514177369
everything,Text,0.29336050511628947,0.29336050511628947
howard,Text,0.29308076070392597,0.29308076070392597
theory,Text,-0.29300896151649425,0.29300896151649425
hd,Text,-0.29300049017673463,0.29300049017673463
spring,Text,0.29287921644412207,0.29287921644412207
library,Text,0.2928387262543994,0.2928387262543994
category_Quilts,Category,-0.2927451774226571,0.2927451774226571
historical,Text,-0.29244954653214933,0.29244954653214933
creates,Text,-0.29244776059833066,0.29244776059833066
tv pilot,Text,0.2923783998241901,0.2923783998241901
heavy,Text,0.2923540058208801,0.2923540058208801
stranger,Text,0.2922283556277052,0.2922283556277052
neon,Text,0.2920618240796694,0.2920618240796694
accessible,Text,0.29204372174972154,0.29204372174972154
alley,Text,-0.2920221991495422,0.2920221991495422
origin,Text,-0.29178810056037124,0.29178810056037124
category_Conceptual Art,Category,-0.29167592053080044,0.29167592053080044
oz,Text,-0.291370818154128,0.291370818154128
joe,Text,0.29136579062594137,0.29136579062594137
try,Text,-0.2913481603824645,0.2913481603824645
category_Makerspaces,Category,0.29128233323621294,0.29128233323621294
cry,Text,-0.291252690661407,0.291252690661407
drive,Text,-0.29121278087728264,0.29121278087728264
cape,Text,0.2910621008364278,0.2910621008364278
organization,Text,-0.2908895820238462,0.2908895820238462
report,Text,0.2907914448760183,0.2907914448760183
speech,Text,0.2907658399942885,0.2907658399942885
wargame,Text,-0.2905124042376744,0.2905124042376744
category_Drinks,Category,-0.29018573117613017,0.29018573117613017
universe,Text,-0.28968744461200746,0.28968744461200746
martin,Text,0.28917726911552294,0.28917726911552294
sail,Text,0.2887159346369267,0.2887159346369267
agriculture,Text,0.28844048844171566,0.28844048844171566
round,Text,-0.2883364313543716,0.2883364313543716
usa,Text,-0.28829730772023116,0.28829730772023116
choir,Text,0.2881691109243664,0.2881691109243664
voyage,Text,0.2881597991758737,0.2881597991758737
yet,Text,0.28803884135542707,0.28803884135542707
rail,Text,0.2877246052004639,0.2877246052004639
logan,Text,-0.28753992457963307,0.28753992457963307
pursuit,Text,-0.2872777701660975,0.2872777701660975
rainbow,Text,-0.28700910315639905,0.28700910315639905
postcard,Text,0.28699435536812873,0.28699435536812873
city,Text,0.2869392122190727,0.2869392122190727
sustainability,Text,0.2866842081360712,0.2866842081360712
beverage,Text,-0.2866503360307882,0.2866503360307882
square,Text,0.2865752341207012,0.2865752341207012
naked,Text,0.2865621685004351,0.2865621685004351
concept album,Text,-0.28641017769333543,0.28641017769333543
soy candle,Text,-0.28628944123783606,0.28628944123783606
border,Text,0.28616668490234354,0.28616668490234354
rural,Text,0.28609718834214604,0.28609718834214604
land,Text,0.2860604161025718,0.2860604161025718
coconut,Text,0.2858916317356926,0.2858916317356926
chuck,Text,-0.28581777409974185,0.28581777409974185
kit,Text,0.28565264034809784,0.28565264034809784
cowboy,Text,-0.28561379624200794,0.28561379624200794
ex,Text,0.28561157455138847,0.28561157455138847
dig,Text,0.28544024615570507,0.28544024615570507
journal,Text,0.2852953306592339,0.2852953306592339
neck,Text,0.28520545632224165,0.28520545632224165
bot,Text,-0.28503549480707857,0.28503549480707857
shattered,Text,-0.2849747231792446,0.2849747231792446
tradition,Text,0.2847493745302313,0.2847493745302313
peru,Text,0.28462403528410146,0.28462403528410146
category_Graphic Design,Category,-0.2845962542017937,0.2845962542017937
end world,Text,0.28417187941907185,0.28417187941907185
mac,Text,-0.2840853630370903,0.2840853630370903
catcher,Text,-0.28402720254453906,0.28402720254453906
houston,Text,-0.28398656961617996,0.28398656961617996
charge,Text,0.2839071480238351,0.2839071480238351
holding,Text,0.2838965213243517,0.2838965213243517
bull,Text,-0.283855185777666,0.283855185777666
native american,Text,-0.28382144859543224,0.28382144859543224
cap,Text,-0.28343068900238005,0.28343068900238005
copper,Text,0.2833519593350889,0.2833519593350889
type,Text,0.28321920039926396,0.28321920039926396
cool,Text,-0.2832052217584736,0.2832052217584736
vegan,Text,0.28301250006031103,0.28301250006031103
number,Text,0.2825971037242128,0.2825971037242128
throw,Text,0.2825250561633316,0.2825250561633316
strip,Text,-0.2823679701021209,0.2823679701021209
multi,Text,-0.28222459279527795,0.28222459279527795
unknown,Text,-0.2822140376970684,0.2822140376970684
fantasy,Text,0.2819421699801126,0.2819421699801126
transformation,Text,-0.2818671990021461,0.2818671990021461
fundraiser,Text,0.28179790112735215,0.28179790112735215
nutcracker,Text,-0.28172643955487914,0.28172643955487914
virgin,Text,-0.28171222005403423,0.28171222005403423
iconic,Text,-0.28153324516303113,0.28153324516303113
art music,Text,-0.2815215503538324,0.2815215503538324
wheelchair,Text,-0.2814775480371484,0.2814775480371484
roof,Text,0.281350572810112,0.281350572810112
talk,Text,-0.2812531027368658,0.2812531027368658
tavern,Text,0.2810720932138957,0.2810720932138957
swan,Text,0.280959464769635,0.280959464769635
spell,Text,-0.28085717306635,0.28085717306635
gopro,Text,-0.28051933120239225,0.28051933120239225
grind,Text,-0.2805117465236164,0.2805117465236164
larry,Text,-0.28007931513452383,0.28007931513452383
elizabeth,Text,0.2800325494943531,0.2800325494943531
hiking,Text,-0.27962434747713255,0.27962434747713255
first person,Text,-0.27949361671954925,0.27949361671954925
mon,Text,0.27942230929761497,0.27942230929761497
please,Text,-0.27932817513624075,0.27932817513624075
polaroid,Text,0.2791959938755162,0.2791959938755162
silver,Text,0.279120240156687,0.279120240156687
fm,Text,-0.2790176310174823,0.2790176310174823
backyard,Text,-0.27829176921390586,0.27829176921390586
mouse,Text,0.2782403201747161,0.2782403201747161
paperback,Text,-0.2781581480137326,0.2781581480137326
perfect,Text,0.27810642759713056,0.27810642759713056
volunteer,Text,-0.2775993182561599,0.2775993182561599
week,Text,-0.2774828669037761,0.2774828669037761
celebrating,Text,0.277417875949801,0.277417875949801
active,Text,0.277235603805404,0.277235603805404
twilight,Text,-0.27710268494474294,0.27710268494474294
tablet,Text,-0.27687421141704704,0.27687421141704704
currency_NZD,Category,0.27674572279809756,0.27674572279809756
country_NZ,Category,0.27674572279809756,0.27674572279809756
foodie,Text,-0.2767106440570774,0.2767106440570774
deception,Text,-0.2766158980755853,0.2766158980755853
wasteland,Text,-0.27641651130720696,0.27641651130720696
give,Text,-0.2763093186013442,0.2763093186013442
pop,Text,0.2762708323349573,0.2762708323349573
seek,Text,-0.27611920257270833,0.27611920257270833
mount,Text,-0.2760933267463837,0.2760933267463837
gun,Text,-0.27609195537177644,0.27609195537177644
transport,Text,-0.2760743094755158,0.2760743094755158
rider,Text,-0.27589521193785277,0.27589521193785277
craft,Text,-0.2758680866864931,0.2758680866864931
blue,Text,-0.2757625379492715,0.2757625379492715
connection,Text,0.2754820989317617,0.2754820989317617
easy,Text,-0.2754628021693063,0.2754628021693063
category_Civic Design,Category,0.2754614854344972,0.2754614854344972
pat,Text,0.2753943079366192,0.2753943079366192
renaissance,Text,0.2753541605614607,0.2753541605614607
patient,Text,-0.2751174626278764,0.2751174626278764
empowerment,Text,0.27509445276131267,0.27509445276131267
tower,Text,-0.27501668260432527,0.27501668260432527
page,Text,-0.27496063283448696,0.27496063283448696
gen,Text,0.27494883391027475,0.27494883391027475
trade,Text,0.2746979230343444,0.2746979230343444
flight,Text,-0.274651970734629,0.274651970734629
cart,Text,-0.2746251443280806,0.2746251443280806
kawaii,Text,0.2743134618982688,0.2743134618982688
customizable,Text,-0.27430875704267743,0.27430875704267743
awakening,Text,-0.27428023430773,0.27428023430773
videogame,Text,-0.2738863847263651,0.2738863847263651
film production,Text,-0.2738851921936027,0.2738851921936027
forest,Text,0.27371428570076684,0.27371428570076684
world tour,Text,0.27363227680697527,0.27363227680697527
continue,Text,-0.2735756591214439,0.2735756591214439
rock,Text,-0.27351712973293674,0.27351712973293674
manhattan,Text,0.27300178885001797,0.27300178885001797
complete,Text,0.27278939498007515,0.27278939498007515
trading card,Text,0.27267610023515904,0.27267610023515904
apocalypse,Text,-0.27229961972833455,0.27229961972833455
unlimited,Text,0.272211315851246,0.272211315851246
peanut,Text,-0.2720808547563117,0.2720808547563117
rug,Text,-0.27203889830516403,0.27203889830516403
drone,Text,-0.27193238135190445,0.27193238135190445
tim,Text,0.2718986434612378,0.2718986434612378
boardgame,Text,-0.2714821994387132,0.2714821994387132
doctor,Text,0.27135697063328934,0.27135697063328934
hand drawn,Text,-0.271296902270284,0.271296902270284
pizza,Text,-0.27125751549287413,0.27125751549287413
connecting,Text,0.2711880714175657,0.2711880714175657
charger,Text,0.27115228951188564,0.27115228951188564
rapid,Text,0.2711343759665919,0.2711343759665919
ranch,Text,-0.2710717884155149,0.2710717884155149
adorable,Text,0.2710330913088447,0.2710330913088447
emerging,Text,-0.27066475654117383,0.27066475654117383
jewellery,Text,-0.2705300435446587,0.2705300435446587
stupid,Text,-0.2700869881208131,0.2700869881208131
clear,Text,0.27007285342944903,0.27007285342944903
line,Text,-0.2700236542860153,0.2700236542860153
category_Restaurants,Category,-0.26978879908154874,0.26978879908154874
pair,Text,0.2697874303199873,0.2697874303199873
first album,Text,-0.26948631171506077,0.26948631171506077
hack,Text,-0.26941373072254504,0.26941373072254504
make dream,Text,0.26911508601936646,0.26911508601936646
requiem,Text,-0.26880890661338136,0.26880890661338136
flying,Text,-0.2682778257007282,0.2682778257007282
pouch,Text,0.2680663528940714,0.2680663528940714
star trek,Text,0.26805223589048316,0.26805223589048316
oregon,Text,-0.26802655629709327,0.26802655629709327
student,Text,-0.2679387191778457,0.2679387191778457
leather,Text,0.2678074936322357,0.2678074936322357
chip,Text,-0.2677465319372305,0.2677465319372305
studio project,Text,-0.26757758448007163,0.26757758448007163
fighting,Text,0.26752141382299793,0.26752141382299793
electric,Text,0.2671342746952297,0.2671342746952297
ace,Text,-0.2670101631111695,0.2670101631111695
performance,Text,0.2667342330043445,0.2667342330043445
mojo,Text,-0.266630184865216,0.266630184865216
country_DE,Category,0.2663480650980481,0.2663480650980481
jonathan,Text,0.26593221087471824,0.26593221087471824
show,Text,-0.2659008055659352,0.2659008055659352
assembly,Text,-0.2657836251936217,0.2657836251936217
timeless,Text,0.2657265918943465,0.2657265918943465
project earth,Text,0.26559449091999765,0.26559449091999765
multiple,Text,0.26548165028727766,0.26548165028727766
standing,Text,-0.26539248016006145,0.26539248016006145
vortex,Text,-0.2653707752238156,0.2653707752238156
wright,Text,-0.26536077918370776,0.26536077918370776
illness,Text,-0.26523145308700546,0.26523145308700546
main_category_Dance,Category,0.2650704264835121,0.2650704264835121
purple,Text,-0.2649955687182397,0.2649955687182397
trust,Text,0.2649571509979596,0.2649571509979596
bicycle,Text,0.26489889654973114,0.26489889654973114
year anniversary,Text,0.2648753414964719,0.2648753414964719
urban,Text,-0.2647601316748854,0.2647601316748854
guy,Text,-0.26474158092173766,0.26474158092173766
extraordinary,Text,0.2646436574760897,0.2646436574760897
ashley,Text,0.2645167594336077,0.2645167594336077
featuring,Text,-0.264375662827798,0.264375662827798
entrepreneur,Text,-0.2643334636842437,0.2643334636842437
next step,Text,0.2640879625910733,0.2640879625910733
contemporary,Text,-0.2640808905910544,0.2640808905910544
said,Text,-0.2640026939491576,0.2640026939491576
operation,Text,-0.26387502814859004,0.26387502814859004
end,Text,-0.2636771768600499,0.2636771768600499
since,Text,-0.2635474307623997,0.2635474307623997
wordpress,Text,-0.2632726146621421,0.2632726146621421
conquer,Text,0.26316747280913644,0.26316747280913644
sunshine,Text,-0.2629286237765963,0.2629286237765963
belly,Text,-0.26238722042607615,0.26238722042607615
nicole,Text,-0.26218133984465974,0.26218133984465974
outreach,Text,-0.26198096074617483,0.26198096074617483
swimming,Text,0.2618467160499518,0.2618467160499518
lighthouse,Text,-0.2617649967516879,0.2617649967516879
expedition,Text,0.26164823269212717,0.26164823269212717
sub,Text,-0.2616442214194614,0.2616442214194614
category_Illustration,Category,0.26144951905712316,0.26144951905712316
wilderness,Text,0.26115885027954916,0.26115885027954916
winter,Text,0.26091853110664315,0.26091853110664315
multimedia,Text,-0.2609075954383174,0.2609075954383174
campaign_duration,Numeric,-0.26073746150359944,0.26073746150359944
mary,Text,-0.26035275260754975,0.26035275260754975
pasta,Text,0.26024996549834073,0.26024996549834073
time travel,Text,0.2602239547452721,0.2602239547452721
samurai,Text,0.2602072660135824,0.2602072660135824
sandy,Text,-0.26011822065174794,0.26011822065174794
head,Text,-0.2600795682222588,0.2600795682222588
range,Text,-0.2593734689066047,0.2593734689066047
mississippi,Text,-0.2591142498021643,0.2591142498021643
rpg game,Text,-0.2589217272670475,0.2589217272670475
crooked,Text,0.25874414707610693,0.25874414707610693
fashion show,Text,0.2587185863026783,0.2587185863026783
designed,Text,0.2587077533001047,0.2587077533001047
lewis,Text,0.25861977066198083,0.25861977066198083
edinburgh fringe,Text,-0.2586119814891023,0.2586119814891023
musical,Text,-0.2585510680573773,0.2585510680573773
iphone app,Text,0.258467360372086,0.258467360372086
distillery,Text,-0.2583305231852754,0.2583305231852754
russian,Text,0.2581753160536707,0.2581753160536707
pick,Text,-0.2578098802808789,0.2578098802808789
expansion project,Text,-0.2577577826873362,0.2577577826873362
sense,Text,-0.2573383831485474,0.2573383831485474
cuban,Text,-0.25733687479737727,0.25733687479737727
inner,Text,0.25709574948027003,0.25709574948027003
documentary,Text,0.2570883199794974,0.2570883199794974
expo,Text,-0.25693828016293774,0.25693828016293774
mama,Text,0.2566688789639135,0.2566688789639135
mean,Text,-0.2565188929090097,0.2565188929090097
horror,Text,-0.2565097393102228,0.2565097393102228
peach,Text,-0.2564482881255329,0.2564482881255329
category_Cookbooks,Category,-0.2564368486315924,0.2564368486315924
town,Text,-0.25638451401839846,0.25638451401839846
key,Text,0.2563753384592349,0.2563753384592349
inferno,Text,0.2559451370477892,0.2559451370477892
clock,Text,0.25593372552240784,0.25593372552240784
latin,Text,-0.25585779006797216,0.25585779006797216
done,Text,-0.25582324964946435,0.25582324964946435
spirit,Text,-0.255723610987528,0.255723610987528
cloud,Text,0.2557022063494721,0.2557022063494721
portrait,Text,0.2555523480365101,0.2555523480365101
dad,Text,-0.2555193319593827,0.2555193319593827
designing,Text,0.25546892413410704,0.25546892413410704
slide,Text,-0.2552650839159521,0.2552650839159521
deck,Text,0.2552348802026069,0.2552348802026069
bach,Text,-0.2552290219295057,0.2552290219295057
comic con,Text,-0.2549782856112383,0.2549782856112383
dolly,Text,-0.2545402200278496,0.2545402200278496
hawk,Text,-0.2543242679165175,0.2543242679165175
pond,Text,-0.25424970818635306,0.25424970818635306
category_Jewelry,Category,-0.25402128037336785,0.25402128037336785
could,Text,0.25396136761470467,0.25396136761470467
resurrection,Text,-0.2539318652443229,0.2539318652443229
soundtrack,Text,-0.25377547996467364,0.25377547996467364
odd,Text,0.25342766505364633,0.25342766505364633
allan,Text,0.2534151661037553,0.2534151661037553
princess,Text,0.25317769860091366,0.25317769860091366
marie,Text,-0.25299516212582196,0.25299516212582196
order,Text,0.252719827970879,0.252719827970879
baby,Text,-0.25226950866236975,0.25226950866236975
series,Text,-0.2521113731528768,0.2521113731528768
resin,Text,0.25207530053019955,0.25207530053019955
tool,Text,0.2520712467222621,0.2520712467222621
stamp,Text,0.25185151245244575,0.25185151245244575
inflatable,Text,-0.25173384152429207,0.25173384152429207
hidden,Text,-0.2516579883957933,0.2516579883957933
release new,Text,-0.25160079651509176,0.25160079651509176
find,Text,-0.25116727670870087,0.25116727670870087
brown,Text,-0.251105067959003,0.251105067959003
elf,Text,-0.25058636804922396,0.25058636804922396
bring back,Text,0.2505441343768042,0.2505441343768042
enamel pin,Text,0.25029290791489855,0.25029290791489855
everybody,Text,0.25027502689258146,0.25027502689258146
chart,Text,0.2501643616202339,0.2501643616202339
category_Gaming Hardware,Category,0.2501196155726535,0.2501196155726535
west,Text,0.2500741519452506,0.2500741519452506
pretty,Text,0.24945677862193516,0.24945677862193516
collection,Text,0.24940052058260861,0.24940052058260861
book two,Text,0.24937236383652137,0.24937236383652137
class,Text,-0.24922236863792158,0.24922236863792158
mess,Text,0.24886827758456367,0.24886827758456367
cosmos,Text,0.24885296094784073,0.24885296094784073
bella,Text,-0.24879362785345382,0.24879362785345382
clutch,Text,-0.24842269602058792,0.24842269602058792
fidget spinner,Text,0.2483170397231306,0.2483170397231306
patented,Text,-0.24830523954868747,0.24830523954868747
witch,Text,0.24810262870932231,0.24810262870932231
erotic,Text,-0.24782254885361327,0.24782254885361327
tail,Text,-0.2477368640608365,0.2477368640608365
triple,Text,-0.2476426198922043,0.2476426198922043
study,Text,-0.24737514021375553,0.24737514021375553
lamb,Text,-0.2472915429630588,0.2472915429630588
ash,Text,-0.24727520132460448,0.24727520132460448
dino,Text,-0.24711486844931857,0.24711486844931857
kickstart,Text,-0.24706478080528932,0.24706478080528932
whisper,Text,-0.24690484476170127,0.24690484476170127
cnc,Text,-0.2467786604106085,0.2467786604106085
liberty,Text,-0.24672756923926628,0.24672756923926628
andrew,Text,0.24621546457082594,0.24621546457082594
julie,Text,-0.24614346696168807,0.24614346696168807
custom made,Text,0.24614147142171028,0.24614147142171028
awake,Text,-0.24611131647307088,0.24611131647307088
bell,Text,0.245201155175346,0.245201155175346
ryan,Text,0.24494608117613773,0.24494608117613773
film festival,Text,-0.24494048495843676,0.24494048495843676
format,Text,-0.24474671947571452,0.24474671947571452
cooling,Text,-0.2447285347100144,0.2447285347100144
enigma,Text,0.2446377084459981,0.2446377084459981
call,Text,-0.2446099435739373,0.2446099435739373
simulator,Text,-0.2445398727942449,0.2445398727942449
film series,Text,0.24453784701549736,0.24453784701549736
album fund,Text,0.24431434896945858,0.24431434896945858
herbal,Text,0.243832426575922,0.243832426575922
lego,Text,-0.24352412932579526,0.24352412932579526
song ep,Text,-0.2434729570167512,0.2434729570167512
symphony,Text,-0.24337081264305743,0.24337081264305743
experiment,Text,-0.24332212161439665,0.24332212161439665
holocaust,Text,-0.2432177402837128,0.2432177402837128
country_NL,Category,0.24311166287219238,0.24311166287219238
sara,Text,0.2430493927370538,0.2430493927370538
occasion,Text,-0.2430060766369659,0.2430060766369659
frankenstein,Text,0.24297505432084043,0.24297505432084043
flower,Text,-0.24215039789646675,0.24215039789646675
track,Text,-0.24211094625383972,0.24211094625383972
spaceship,Text,0.24210288949567715,0.24210288949567715
jr,Text,0.24204588218002818,0.24204588218002818
photographing,Text,-0.2416786270229784,0.2416786270229784
summer,Text,0.2415087413136769,0.2415087413136769
sunrise,Text,0.24116534480855226,0.24116534480855226
limit,Text,-0.24115756564078722,0.24115756564078722
express,Text,-0.24112753892746897,0.24112753892746897
loose,Text,0.24080024055255114,0.24080024055255114
mass,Text,0.24062053244895484,0.24062053244895484
drop,Text,-0.24054878261642712,0.24054878261642712
mar,Text,0.24050494884068135,0.24050494884068135
photographic journey,Text,-0.24012096268483663,0.24012096268483663
tale,Text,0.23988763270632507,0.23988763270632507
sam,Text,-0.2397181008958869,0.2397181008958869
category_Calendars,Category,0.23960489506278845,0.23960489506278845
engine,Text,-0.2394099187401777,0.2394099187401777
iphone ipad,Text,-0.23927399285354817,0.23927399285354817
currency_SGD,Category,0.2392505352293373,0.2392505352293373
country_SG,Category,0.2392505352293373,0.2392505352293373
amsterdam,Text,0.23918060985363698,0.23918060985363698
dice tower,Text,0.2389499648283746,0.2389499648283746
scrub,Text,-0.23884778954101962,0.23884778954101962
addict,Text,0.23821210887234268,0.23821210887234268
philly,Text,0.23815711057453537,0.23815711057453537
better,Text,0.2378043586271212,0.2378043586271212
pool,Text,-0.23755974685356746,0.23755974685356746
los angeles,Text,-0.2374443389034959,0.2374443389034959
save world,Text,0.2373817776851631,0.2373817776851631
language,Text,-0.23733029563185873,0.23733029563185873
friendship,Text,0.23729497296625465,0.23729497296625465
coming,Text,-0.2372386315115326,0.2372386315115326
different,Text,-0.23721152720957672,0.23721152720957672
mosaic,Text,-0.2370296129359782,0.2370296129359782
fire,Text,0.23690798400314333,0.23690798400314333
pilot,Text,0.2368466962523588,0.2368466962523588
hire,Text,0.23654075714186404,0.23654075714186404
till,Text,0.23648686840791275,0.23648686840791275
chef,Text,-0.2364249169715325,0.2364249169715325
desert,Text,0.23640693647240069,0.23640693647240069
lifetime,Text,-0.23631857238905163,0.23631857238905163
unofficial,Text,-0.23624798857801643,0.23624798857801643
gamers,Text,-0.2361123685674952,0.2361123685674952
calendar,Text,0.2360656703104303,0.2360656703104303
st,Text,-0.23602991724075045,0.23602991724075045
highway,Text,-0.2358979499294968,0.2358979499294968
lucid,Text,0.23575557551937182,0.23575557551937182
mobile device,Text,-0.23570414450692906,0.23570414450692906
song,Text,-0.23539977632214587,0.23539977632214587
lone,Text,-0.23534487447459856,0.23534487447459856
umbrella,Text,0.23533478733277371,0.23533478733277371
strategy game,Text,0.23523779213441462,0.23523779213441462
ebook,Text,-0.23512619829112477,0.23512619829112477
functional,Text,0.23493880408755782,0.23493880408755782
sings,Text,0.23479432347017062,0.23479432347017062
category_Mixed Media,Category,-0.2347380648611839,0.2347380648611839
lisa,Text,0.23465873449106434,0.23465873449106434
project,Text,-0.23459965731837853,0.23459965731837853
hex,Text,-0.23451045899167722,0.23451045899167722
escape,Text,-0.23432861710644168,0.23432861710644168
category_Puzzles,Category,0.2343189725906646,0.2343189725906646
disco,Text,0.23428618638069926,0.23428618638069926
clash,Text,-0.23418907808932823,0.23418907808932823
viking,Text,0.2339062198473706,0.2339062198473706
usb,Text,0.23386762251656062,0.23386762251656062
lovely,Text,0.23376655751573275,0.23376655751573275
boost,Text,-0.23344120561322076,0.23344120561322076
table,Text,-0.2331860900911723,0.2331860900911723
winery,Text,-0.23280814280784057,0.23280814280784057
character,Text,-0.23249787337038874,0.23249787337038874
country_IT,Category,-0.23226308867219553,0.23226308867219553
conquest,Text,0.23221468300247908,0.23221468300247908
ghana,Text,0.23220427349227166,0.23220427349227166
wind,Text,0.23211993357243604,0.23211993357243604
made easy,Text,0.2320003637641305,0.2320003637641305
category_Experimental,Category,-0.23200026436482624,0.23200026436482624
anti,Text,-0.23194954485014155,0.23194954485014155
bring,Text,0.23161986294556902,0.23161986294556902
childrens book,Text,-0.23156483514179596,0.23156483514179596
mi,Text,-0.23146144277286285,0.23146144277286285
til,Text,-0.23146026856039773,0.23146026856039773
novel,Text,0.23132435344069613,0.23132435344069613
essential,Text,0.23127927164850443,0.23127927164850443
role playing,Text,-0.2312698339752408,0.2312698339752408
list,Text,-0.23125433373274365,0.23125433373274365
afro,Text,0.231058287405114,0.231058287405114
creek,Text,0.230970843116064,0.230970843116064
wall calendar,Text,0.23081574231252033,0.23081574231252033
famous,Text,-0.230762590137542,0.230762590137542
form,Text,0.23062007012395894,0.23062007012395894
nu,Text,-0.23038010165850475,0.23038010165850475
preservation,Text,-0.23033198139078306,0.23033198139078306
cup,Text,0.23014862074589354,0.23014862074589354
prop,Text,0.2294911904610039,0.2294911904610039
flesh,Text,-0.22948869928276858,0.22948869928276858
dispenser,Text,-0.2293820304703676,0.2293820304703676
category_Fantasy,Category,0.22914446453776866,0.22914446453776866
ocean,Text,0.22905504805915478,0.22905504805915478
ever made,Text,0.2285593508260592,0.2285593508260592
forbidden,Text,-0.22847746381249448,0.22847746381249448
pig,Text,0.2284714364493687,0.2284714364493687
experience,Text,-0.22843753082333138,0.22843753082333138
jessica,Text,0.22837696739729169,0.22837696739729169
physic,Text,-0.2282910086290341,0.2282910086290341
academy,Text,-0.22752407363466873,0.22752407363466873
comic anthology,Text,0.2273574611618493,0.2273574611618493
rubber,Text,0.22711611140906282,0.22711611140906282
rain,Text,-0.2267979243613118,0.2267979243613118
test,Text,-0.2267822229853451,0.2267822229853451
marketplace,Text,-0.22676528777628557,0.22676528777628557
wow,Text,-0.22668615467091854,0.22668615467091854
love story,Text,-0.22641628174621253,0.22641628174621253
back,Text,-0.22641175684730783,0.22641175684730783
art exhibit,Text,-0.2262174397044104,0.2262174397044104
mission,Text,-0.22589752226355675,0.22589752226355675
side,Text,-0.22587342612710803,0.22587342612710803
choose,Text,-0.22582315212689114,0.22582315212689114
street food,Text,0.2257918824434595,0.2257918824434595
runner,Text,0.22554653107209316,0.22554653107209316
pride,Text,-0.22540351301698133,0.22540351301698133
thinking,Text,-0.22530783773628107,0.22530783773628107
asia,Text,0.22524395632621252,0.22524395632621252
high,Text,-0.2251173085358992,0.2251173085358992
carved,Text,-0.22508140616699912,0.22508140616699912
quirky,Text,-0.22481588665123303,0.22481588665123303
customer,Text,-0.22462716013911033,0.22462716013911033
left,Text,0.22458242540419704,0.22458242540419704
state,Text,0.2245571623966875,0.2245571623966875
beat,Text,-0.22437292098806744,0.22437292098806744
abc,Text,0.22434824040966747,0.22434824040966747
sleeve,Text,-0.22409189012313388,0.22409189012313388
midnight,Text,0.2239080206492386,0.2239080206492386
brownie,Text,0.22379251645326653,0.22379251645326653
violet,Text,0.22286073134054254,0.22286073134054254
handmade,Text,-0.22267129291412596,0.22267129291412596
runway,Text,0.22260714694695113,0.22260714694695113
make music,Text,0.22238349040243474,0.22238349040243474
issue one,Text,0.222100655523629,0.222100655523629
mia,Text,0.22188734328218207,0.22188734328218207
flood,Text,-0.2218576539372738,0.2218576539372738
push,Text,0.2217495234869729,0.2217495234869729
democracy,Text,0.22170579457803263,0.22170579457803263
revolutionizing,Text,0.22167015496015868,0.22167015496015868
fury,Text,0.22148557161556284,0.22148557161556284
book one,Text,-0.22082315817783985,0.22082315817783985
sharp,Text,0.22065089714821984,0.22065089714821984
inside,Text,0.22056539159402372,0.22056539159402372
headset,Text,-0.22053186257245758,0.22053186257245758
adjustable,Text,-0.21989416358863986,0.21989416358863986
beast,Text,0.21955901369419345,0.21955901369419345
coloring,Text,0.21941309478614357,0.21941309478614357
parallel,Text,0.21937179944029328,0.21937179944029328
would,Text,-0.21868247207324182,0.21868247207324182
victoria,Text,0.21864827805383372,0.21864827805383372
sister,Text,0.21853504341868746,0.21853504341868746
jerky,Text,0.21833550940878188,0.21833550940878188
surfing,Text,-0.21816542376035217,0.21816542376035217
jack,Text,0.2180247784953882,0.2180247784953882
post,Text,0.21795561959859922,0.21795561959859922
blanket,Text,-0.21782468834323945,0.21782468834323945
french,Text,-0.21766213678597965,0.21766213678597965
category_Games,Category,-0.21747232481318698,0.21747232481318698
sad,Text,0.21743164679809374,0.21743164679809374
wing,Text,-0.2172758843413329,0.2172758843413329
alaskan,Text,-0.21723225193546716,0.21723225193546716
actually,Text,-0.21672644076284106,0.21672644076284106
terrible,Text,0.21634728220909882,0.21634728220909882
gallery,Text,0.21587029849845482,0.21587029849845482
may,Text,0.2157394252509633,0.2157394252509633
passing,Text,0.21572876212652603,0.21572876212652603
grid,Text,-0.21572610653158758,0.21572610653158758
rhythm,Text,-0.21570618722362822,0.21570618722362822
ink,Text,-0.21565391965563188,0.21565391965563188
small,Text,0.2155857971681637,0.2155857971681637
rope,Text,-0.21555984392772967,0.21555984392772967
inch,Text,-0.2155161779163452,0.2155161779163452
shift,Text,0.2152992610174414,0.2152992610174414
stream,Text,-0.21528508510848943,0.21528508510848943
worst,Text,0.21518652118538575,0.21518652118538575
outer space,Text,-0.2150549104691089,0.2150549104691089
republic,Text,-0.21504679290612463,0.21504679290612463
wonderland,Text,-0.21503312569587046,0.21503312569587046
category_Nonfiction,Category,-0.21489965921341392,0.21489965921341392
adapter,Text,-0.21462825184590958,0.21462825184590958
making first,Text,0.21435969121471238,0.21435969121471238
dance film,Text,0.21425805620429303,0.21425805620429303
humor,Text,-0.21419063953032064,0.21419063953032064
coast tour,Text,0.2141835232549744,0.2141835232549744
flip,Text,-0.2140826243391835,0.2140826243391835
floor,Text,-0.21386481559041845,0.21386481559041845
young,Text,-0.213817544878934,0.213817544878934
inspirational,Text,-0.21342075487054268,0.21342075487054268
seed,Text,0.21334689108625565,0.21334689108625565
current,Text,-0.21324299278539485,0.21324299278539485
broke,Text,-0.21308022245742558,0.21308022245742558
protest,Text,0.21306907990485474,0.21306907990485474
survivor,Text,-0.21292187241185043,0.21292187241185043
rick,Text,-0.2129012886325624,0.2129012886325624
painting,Text,-0.21283750159141204,0.21283750159141204
web,Text,-0.21275589170737005,0.21275589170737005
mansion,Text,-0.21263061736679223,0.21263061736679223
motion,Text,-0.21262762607934454,0.21262762607934454
dean,Text,0.21256338002410122,0.21256338002410122
natural,Text,-0.21230249856800001,0.21230249856800001
charles,Text,-0.2120628582598948,0.2120628582598948
tripod,Text,-0.2120140796530739,0.2120140796530739
gmo,Text,-0.21181775068044073,0.21181775068044073
country_US,Category,0.2117563426613234,0.2117563426613234
icon,Text,0.21156567648881508,0.21156567648881508
cook,Text,0.2115594488538494,0.2115594488538494
fish,Text,-0.2114662308387344,0.2114662308387344
growing,Text,0.21142355970926802,0.21142355970926802
picnic,Text,-0.21138954194984022,0.21138954194984022
alone,Text,0.2113559693308707,0.2113559693308707
africa,Text,-0.21125241174948364,0.21125241174948364
veggie,Text,-0.2111751707326744,0.2111751707326744
sci fi,Text,0.2111227194733048,0.2111227194733048
double album,Text,0.2110850521378023,0.2110850521378023
meet,Text,0.21105703166723813,0.21105703166723813
spin,Text,0.21104198272136052,0.21104198272136052
future,Text,0.2109006357957708,0.2109006357957708
para,Text,-0.21077196668283074,0.21077196668283074
bite,Text,0.21032904399514663,0.21032904399514663
planet,Text,-0.21029785134909396,0.21029785134909396
party,Text,-0.2100132611564683,0.2100132611564683
happiness,Text,-0.2099035933957249,0.2099035933957249
roger,Text,-0.20984791116061052,0.20984791116061052
bar,Text,0.20979688116750592,0.20979688116750592
non,Text,0.20978043230249915,0.20978043230249915
white,Text,0.20977486156602124,0.20977486156602124
utility,Text,0.20971545347862797,0.20971545347862797
category_Performance Art,Category,0.20924773117287712,0.20924773117287712
straight,Text,-0.20922021582933453,0.20922021582933453
papa,Text,0.2091149922829624,0.2091149922829624
per,Text,0.20872646244771176,0.20872646244771176
diner,Text,0.2086420812152789,0.2086420812152789
working,Text,-0.20825175505134372,0.20825175505134372
annie,Text,0.20792778788660085,0.20792778788660085
knight,Text,-0.2079074851685175,0.2079074851685175
waiting,Text,0.20781441606353443,0.20781441606353443
yesterday,Text,-0.20752863042830455,0.20752863042830455
version,Text,-0.20719802429536394,0.20719802429536394
polish,Text,-0.20704377316184547,0.20704377316184547
fantastic,Text,-0.2067489699500648,0.2067489699500648
greater,Text,0.2066651174346187,0.2066651174346187
catch,Text,-0.20631590531817717,0.20631590531817717
file,Text,-0.20587006785436326,0.20587006785436326
personal,Text,-0.2056827715007524,0.2056827715007524
brazil,Text,0.20554332849313986,0.20554332849313986
shoot,Text,-0.20511344596311734,0.20511344596311734
fully,Text,-0.20498875145850778,0.20498875145850778
bound,Text,-0.2049245831530379,0.2049245831530379
eatery,Text,0.204761789534013,0.204761789534013
sip,Text,0.20464356557777275,0.20464356557777275
cafe,Text,0.20456063010840314,0.20456063010840314
category_Webseries,Category,-0.2039479039550829,0.2039479039550829
country_AU,Category,0.20368719599444024,0.20368719599444024
enter,Text,-0.2034322196518635,0.2034322196518635
mental illness,Text,-0.20339558737365357,0.20339558737365357
francisco,Text,0.20333999062564806,0.20333999062564806
al,Text,0.2030299782557093,0.2030299782557093
film post,Text,-0.2029695859293827,0.2029695859293827
photo project,Text,0.2028821056983419,0.2028821056983419
expanding,Text,-0.20270672758452346,0.20270672758452346
child book,Text,0.20269496676280718,0.20269496676280718
first music,Text,-0.20267681130896395,0.20267681130896395
hunter,Text,0.2025863876867102,0.2025863876867102
marriage,Text,0.20239778170839712,0.20239778170839712
amazon,Text,0.20223032852407072,0.20223032852407072
reflection,Text,-0.20209714861293598,0.20209714861293598
remix,Text,0.2020386477794881,0.2020386477794881
horror comedy,Text,0.20181018260719166,0.20181018260719166
ranger,Text,0.20175889867863628,0.20175889867863628
problem,Text,0.20138212651127155,0.20138212651127155
indigenous,Text,0.20137515969059772,0.20137515969059772
lord,Text,-0.20081303542360932,0.20081303542360932
chinese,Text,0.20079385788429627,0.20079385788429627
efficient,Text,-0.20069466109795417,0.20069466109795417
thai,Text,-0.2005479891934444,0.2005479891934444
climate change,Text,0.20050434149383156,0.20050434149383156
diver,Text,0.20034479755479637,0.20034479755479637
drag,Text,0.20020018092610278,0.20020018092610278
sidekick,Text,0.20012582432979018,0.20012582432979018
collaborative,Text,-0.1999452200680215,0.1999452200680215
category_Comics,Category,-0.19976251352750293,0.19976251352750293
seasoning,Text,-0.1996853093037569,0.1996853093037569
beneath,Text,0.19960128165195598,0.19960128165195598
loud,Text,0.199530791049218,0.199530791049218
exposed,Text,-0.19930422190665237,0.19930422190665237
party game,Text,-0.19926456130085585,0.19926456130085585
blend,Text,0.19921413115327127,0.19921413115327127
university,Text,0.19907085444127026,0.19907085444127026
skull,Text,0.1989233330909363,0.1989233330909363
point,Text,-0.19874664781937212,0.19874664781937212
brook,Text,-0.19867462761077417,0.19867462761077417
orchard,Text,0.19843281156300005,0.19843281156300005
restaurant,Text,-0.19840594865234684,0.19840594865234684
pie,Text,0.1982915704071288,0.1982915704071288
fix,Text,0.1978887399442507,0.1978887399442507
transform,Text,0.1978331146509266,0.1978331146509266
large,Text,-0.19727554558939142,0.19727554558939142
elephant,Text,0.19705666221817184,0.19705666221817184
wicked,Text,-0.1970375064008349,0.1970375064008349
dreamer,Text,0.1969901075052711,0.1969901075052711
te,Text,-0.19658693176055947,0.19658693176055947
coyote,Text,0.19658518994841173,0.19658518994841173
arm,Text,0.1964779282385215,0.1964779282385215
va,Text,-0.19622658760239114,0.19622658760239114
led,Text,-0.19610632401972755,0.19610632401972755
ny,Text,0.19570983703374661,0.19570983703374661
pod,Text,-0.19568693867246048,0.19568693867246048
fort,Text,-0.19548943227011817,0.19548943227011817
minute,Text,-0.19543006950645891,0.19543006950645891
package,Text,-0.19525542488015796,0.19525542488015796
max,Text,0.19420919765363476,0.19420919765363476
church,Text,-0.19412262363288707,0.19412262363288707
tube,Text,-0.1940493527697435,0.1940493527697435
soap,Text,-0.19389799157831988,0.19389799157831988
tribe,Text,0.19359253200435053,0.19359253200435053
colouring,Text,-0.1934908276102113,0.1934908276102113
banana,Text,-0.19333144408867628,0.19333144408867628
shadow,Text,0.19323428448225036,0.19323428448225036
body,Text,-0.1931629772125506,0.1931629772125506
uber,Text,-0.1929486367392586,0.1929486367392586
ape,Text,0.19294761536408717,0.19294761536408717
short,Text,0.19264823303422107,0.19264823303422107
hear,Text,-0.19236606409153328,0.19236606409153328
mine,Text,0.1920799355134078,0.1920799355134078
river,Text,0.19194480694460986,0.19194480694460986
standard,Text,0.19171982416579522,0.19171982416579522
swimwear,Text,-0.19163996666984176,0.19163996666984176
oscar,Text,0.1915853396758907,0.1915853396758907
rae,Text,0.19116624089165168,0.19116624089165168
tennis,Text,0.1911558037184462,0.1911558037184462
adult,Text,-0.19113725287775923,0.19113725287775923
muscle,Text,0.19104912136546504,0.19104912136546504
lightning,Text,0.19096042581379963,0.19096042581379963
shoulder,Text,0.19066782893374554,0.19066782893374554
gemstone,Text,0.1906328632865428,0.1906328632865428
jewelry,Text,-0.19062384956590372,0.19062384956590372
country_AT,Category,0.19057243633791704,0.19057243633791704
stone,Text,-0.19031863357312087,0.19031863357312087
teen,Text,-0.19005468986452517,0.19005468986452517
flash,Text,0.1899534677572177,0.1899534677572177
gold,Text,0.18995044736501104,0.18995044736501104
roller,Text,0.18989932961337522,0.18989932961337522
video series,Text,0.1895390927452102,0.1895390927452102
lgbt,Text,-0.1895085248978414,0.1895085248978414
advice,Text,-0.1894369567785892,0.1894369567785892
carving,Text,0.18941651096970732,0.18941651096970732
velvet,Text,-0.1892512179582385,0.1892512179582385
illuminated,Text,0.18907150478485624,0.18907150478485624
fest,Text,0.18905014886478283,0.18905014886478283
scream,Text,-0.189049717810748,0.189049717810748
cd dvd,Text,-0.18896077829817504,0.18896077829817504
collide,Text,0.18887197669525688,0.18887197669525688
plan,Text,0.18807419474279613,0.18807419474279613
pure,Text,0.18805726234299958,0.18805726234299958
print project,Text,-0.18803645078244913,0.18803645078244913
chat,Text,-0.18799207380510788,0.18799207380510788
build,Text,0.18791168371036557,0.18791168371036557
bourbon,Text,-0.1878585894411496,0.1878585894411496
feed,Text,-0.18781269770125836,0.18781269770125836
insert,Text,-0.18772768236513657,0.18772768236513657
warm,Text,0.18736206334657002,0.18736206334657002
creepy,Text,-0.18728457664844098,0.18728457664844098
rub,Text,-0.18727119628377875,0.18727119628377875
category_Photography,Category,0.18712719930236785,0.18712719930236785
yellow,Text,0.1870894842065142,0.1870894842065142
neo,Text,-0.18694296549307227,0.18694296549307227
hipster,Text,-0.18683439633444007,0.18683439633444007
ne,Text,0.1865160634739592,0.1865160634739592
bird,Text,0.1864321768332876,0.1864321768332876
pain,Text,-0.18639575927781582,0.18639575927781582
builder,Text,-0.18635686668143597,0.18635686668143597
awesome,Text,0.18606957286401848,0.18606957286401848
piece,Text,0.18604818087570799,0.18604818087570799
era,Text,-0.18582483310551304,0.18582483310551304
loss,Text,-0.185340535501972,0.185340535501972
sing,Text,-0.1853334962995751,0.1853334962995751
goody,Text,0.18527443282218248,0.18527443282218248
forge,Text,0.18505811217867957,0.18505811217867957
commission,Text,0.18494171522342487,0.18494171522342487
rolling,Text,0.18493084485713313,0.18493084485713313
kevin,Text,0.18489943405663584,0.18489943405663584
capturing,Text,-0.18488920336481593,0.18488920336481593
lead,Text,0.18483085510254463,0.18483085510254463
endangered,Text,0.18460323944537302,0.18460323944537302
becomes,Text,-0.18454079996648223,0.18454079996648223
printed,Text,-0.18440472898591476,0.18440472898591476
pro,Text,0.18426276598641322,0.18426276598641322
performing art,Text,-0.18404316709185942,0.18404316709185942
sin,Text,-0.18398066785334416,0.18398066785334416
28mm,Text,0.1839753075903342,0.1839753075903342
legion,Text,-0.18394799016546054,0.18394799016546054
mirror,Text,-0.18366857960568314,0.18366857960568314
old,Text,-0.18348428314252524,0.18348428314252524
category_Video Games,Category,-0.1834319417430492,0.1834319417430492
official,Text,-0.1832058066617957,0.1832058066617957
category_Fabrication Tools,Category,0.18300373599932956,0.18300373599932956
fierce,Text,-0.18283757623632466,0.18283757623632466
breath,Text,0.1826345917230194,0.1826345917230194
pal,Text,-0.1825777648534465,0.1825777648534465
community art,Text,0.18249143829375455,0.18249143829375455
junk,Text,-0.18247752156968505,0.18247752156968505
beef,Text,0.18235798070587228,0.18235798070587228
ross,Text,0.18230104101876127,0.18230104101876127
razor,Text,0.18214170517439993,0.18214170517439993
ios android,Text,-0.181712234455703,0.181712234455703
supernatural,Text,0.1816556641873332,0.1816556641873332
practice,Text,0.18157472557969875,0.18157472557969875
mc,Text,0.18152762332485942,0.18152762332485942
enhanced,Text,0.1814260127378144,0.1814260127378144
cosmic,Text,0.18142066330238746,0.18142066330238746
humble,Text,-0.18138596574107102,0.18138596574107102
still,Text,0.181323727910969,0.181323727910969
within,Text,-0.1812722130302236,0.1812722130302236
fabric,Text,-0.1808389336283166,0.1808389336283166
printer,Text,0.18006341630559253,0.18006341630559253
bible,Text,-0.18004662507499963,0.18004662507499963
lapel pin,Text,-0.17998263770318992,0.17998263770318992
deck playing,Text,-0.17963624610097773,0.17963624610097773
jet,Text,0.1789805554744354,0.1789805554744354
card printed,Text,-0.17884088370274187,0.17884088370274187
bake,Text,-0.17873388277279081,0.17873388277279081
buck,Text,-0.17849837276702502,0.17849837276702502
evolution,Text,-0.1784584559670758,0.1784584559670758
co op,Text,0.17824862729047655,0.17824862729047655
tech,Text,-0.17793920193820215,0.17793920193820215
traveler,Text,0.1776785022238425,0.1776785022238425
voodoo,Text,0.17743763151708117,0.17743763151708117
northwest,Text,-0.1774140742748438,0.1774140742748438
spinning,Text,0.1772482473967574,0.1772482473967574
swim,Text,0.1770707603773293,0.1770707603773293
swedish,Text,0.17704793520251524,0.17704793520251524
micro,Text,0.17702839986013535,0.17702839986013535
asian,Text,0.17660809577220998,0.17660809577220998
complex,Text,-0.17657363160776582,0.17657363160776582
across,Text,-0.1765478797257798,0.1765478797257798
da,Text,-0.17652535145540768,0.17652535145540768
squirrel,Text,0.17605087802855487,0.17605087802855487
statue,Text,-0.17604957865471094,0.17604957865471094
shipping,Text,0.17599933670968956,0.17599933670968956
groove,Text,-0.17594173644839797,0.17594173644839797
category_Fine Art,Category,0.17560351538712352,0.17560351538712352
versus,Text,-0.17547624073531304,0.17547624073531304
coat,Text,0.175469184479426,0.175469184479426
controlled,Text,-0.17534634572537278,0.17534634572537278
literary,Text,0.17532370075883597,0.17532370075883597
lapel,Text,-0.1748865700341016,0.1748865700341016
crime,Text,0.1747344080091585,0.1747344080091585
play,Text,-0.1746898993502412,0.1746898993502412
augmented reality,Text,0.17468170973952443,0.17468170973952443
category_Painting,Category,-0.17464776598119988,0.17464776598119988
mushroom,Text,-0.17445971524097512,0.17445971524097512
sheep,Text,-0.17444049863443659,0.17444049863443659
high end,Text,-0.1743191290032124,0.1743191290032124
debt,Text,0.17430101959024868,0.17430101959024868
shed,Text,0.17426187252601213,0.17426187252601213
ginger,Text,0.17413517781257376,0.17413517781257376
change life,Text,-0.17406376058775283,0.17406376058775283
possible,Text,-0.17371015208245538,0.17371015208245538
eternal,Text,-0.17369584372545677,0.17369584372545677
playing,Text,0.17342864161317995,0.17342864161317995
defender,Text,-0.17317126976138228,0.17317126976138228
chocolate,Text,0.17315448206639195,0.17315448206639195
twelve,Text,-0.1728097089652672,0.1728097089652672
bryan,Text,0.172776210222174,0.172776210222174
ward,Text,0.17213241721655353,0.17213241721655353
mobile app,Text,-0.17210318598695268,0.17210318598695268
category_Apparel,Category,-0.17203135345685444,0.17203135345685444
nine,Text,0.17177789637865543,0.17177789637865543
pt,Text,-0.17175207081480998,0.17175207081480998
carbon,Text,0.17172507532597384,0.17172507532597384
german,Text,-0.17166691874548304,0.17166691874548304
hybrid,Text,-0.17164465180109215,0.17164465180109215
age,Text,-0.17158960641281684,0.17158960641281684
toothbrush,Text,0.17156801404064922,0.17156801404064922
reading,Text,0.17144759888431985,0.17144759888431985
air,Text,0.17133735508544923,0.17133735508544923
sailing,Text,0.171267260658006,0.171267260658006
response,Text,-0.1711117526386724,0.1711117526386724
diaper,Text,-0.17099233675667885,0.17099233675667885
toddler,Text,-0.17058748857824707,0.17058748857824707
sanctuary,Text,-0.17042911095323085,0.17042911095323085
gothic,Text,0.17037730301120343,0.17037730301120343
seattle,Text,0.17012554584065473,0.17012554584065473
power,Text,-0.16999386414168333,0.16999386414168333
band debut,Text,-0.16988535701642096,0.16988535701642096
scifi,Text,-0.1698483548618701,0.1698483548618701
category_Animation,Category,-0.16972451212935205,0.16972451212935205
spread,Text,-0.1697236934760814,0.1697236934760814
birthday,Text,-0.16953824626114566,0.16953824626114566
screen,Text,0.16920313311936075,0.16920313311936075
pack,Text,0.1691780859702693,0.1691780859702693
arcade,Text,0.169122703024512,0.169122703024512
breast cancer,Text,0.1688901258597047,0.1688901258597047
noise,Text,0.1687466494391285,0.1687466494391285
grave,Text,-0.16873494773754077,0.16873494773754077
title_length,Numeric,0.16863411214953844,0.16863411214953844
next level,Text,-0.16857807499885777,0.16857807499885777
colour,Text,-0.16835114485064318,0.16835114485064318
saint,Text,0.16829407130102506,0.16829407130102506
laptop,Text,-0.16800056597006435,0.16800056597006435
illustration,Text,-0.1679736762102933,0.1679736762102933
limited edition,Text,0.16787291383279696,0.16787291383279696
grey,Text,0.1677130137465464,0.1677130137465464
clever,Text,0.16766642170472665,0.16766642170472665
pledge,Text,0.16762352420425158,0.16762352420425158
profit,Text,-0.16717604154816534,0.16717604154816534
dinner,Text,0.1671407663702314,0.1671407663702314
prayer,Text,0.16711476224977262,0.16711476224977262
seth,Text,-0.16710546067348733,0.16710546067348733
fantasy rpg,Text,-0.16694161096006047,0.16694161096006047
counter,Text,0.16688709239688682,0.16688709239688682
un,Text,-0.16679988023288428,0.16679988023288428
category_Glass,Category,0.1665890918018859,0.1665890918018859
cube,Text,-0.16652640293821003,0.16652640293821003
penguin,Text,0.16639626812296773,0.16639626812296773
spy,Text,0.16627903767734445,0.16627903767734445
ltd,Text,0.16623786298027915,0.16623786298027915
seen,Text,-0.16609830079539095,0.16609830079539095
meditation,Text,0.1660173346863916,0.1660173346863916
among,Text,-0.16601318236383034,0.16601318236383034
album project,Text,-0.16600855784819538,0.16600855784819538
daisy,Text,-0.16575446492994195,0.16575446492994195
hunger,Text,-0.16573007447163035,0.16573007447163035
san,Text,0.16565337151866705,0.16565337151866705
mid,Text,-0.16561276939492833,0.16561276939492833
street art,Text,-0.16522600254762854,0.16522600254762854
signature,Text,-0.16521913011336958,0.16521913011336958
crisis,Text,-0.16518493478101579,0.16518493478101579
interchangeable,Text,-0.1650993528493364,0.1650993528493364
capture,Text,-0.16487587102639417,0.16487587102639417
matter,Text,0.16453515666105661,0.16453515666105661
magazine,Text,0.16445716221478032,0.16445716221478032
plastic,Text,-0.16405738764838873,0.16405738764838873
sol,Text,0.1637856518068631,0.1637856518068631
mail,Text,0.16365601652628187,0.16365601652628187
loved,Text,-0.1633706530364177,0.1633706530364177
got,Text,-0.16331302055884533,0.16331302055884533
miss,Text,-0.16323343774328644,0.16323343774328644
lo,Text,0.16319832531232117,0.16319832531232117
hour,Text,0.16314141866313625,0.16314141866313625
roaster,Text,-0.16297329460939025,0.16297329460939025
fight,Text,-0.16278421498682108,0.16278421498682108
myth,Text,0.162760775545617,0.162760775545617
explorer,Text,0.1626290515788185,0.1626290515788185
bottle,Text,0.16254436561574997,0.16254436561574997
like,Text,0.1623492385165482,0.1623492385165482
paleo,Text,0.1621096478771085,0.1621096478771085
noodle,Text,-0.16176599845061115,0.16176599845061115
orange,Text,-0.16173607438516457,0.16173607438516457
blu,Text,-0.16173350018082563,0.16173350018082563
driving,Text,-0.1616850096946595,0.1616850096946595
fudge,Text,-0.16162394640219319,0.16162394640219319
command,Text,0.1615672080409824,0.1615672080409824
starter,Text,0.16155328652898945,0.16155328652898945
spice,Text,-0.16143875234186655,0.16143875234186655
cherry,Text,-0.1612359821290843,0.1612359821290843
proper,Text,-0.16121178530468466,0.16121178530468466
company present,Text,-0.16117487887316786,0.16117487887316786
lamp,Text,0.16112171881630358,0.16112171881630358
burn,Text,-0.16108995759310998,0.16108995759310998
modern,Text,-0.1608166909960271,0.1608166909960271
armor,Text,-0.16060795842291992,0.16060795842291992
global,Text,-0.16042280972592177,0.16042280972592177
duck,Text,-0.16020044667376737,0.16020044667376737
tokyo,Text,0.16009662980790637,0.16009662980790637
save,Text,0.15961179939985595,0.15961179939985595
category_Architecture,Category,-0.15957892352315983,0.15957892352315983
ten,Text,0.15950636238873983,0.15950636238873983
ireland,Text,0.15928411785839414,0.15928411785839414
prison,Text,0.1592235395469551,0.1592235395469551
whimsical,Text,0.15913004086989155,0.15913004086989155
tommy,Text,-0.1590271525687319,0.1590271525687319
rising,Text,0.1589348262587044,0.1589348262587044
door,Text,-0.15860366636585457,0.15860366636585457
gay,Text,0.15850041628264877,0.15850041628264877
move,Text,0.15826600109528827,0.15826600109528827
northern,Text,0.15825053248190313,0.15825053248190313
laser,Text,-0.15821802249027495,0.15821802249027495
pixel,Text,0.15816747365594586,0.15816747365594586
let get,Text,0.1581345465254924,0.1581345465254924
rise,Text,-0.15808753133681114,0.15808753133681114
proud,Text,-0.15802507497120766,0.15802507497120766
clip,Text,-0.157462811790036,0.157462811790036
cork,Text,0.1574309826025609,0.1574309826025609
expand,Text,-0.1573354044807401,0.1573354044807401
shakespeare,Text,0.15728057965893832,0.15728057965893832
folk,Text,0.15718633735582013,0.15718633735582013
cause,Text,-0.15696561183919894,0.15696561183919894
survival game,Text,0.15696359188980177,0.15696359188980177
plain,Text,0.15680409100611475,0.15680409100611475
powder,Text,0.15674754326770393,0.15674754326770393
eating,Text,-0.15662694539093125,0.15662694539093125
category_World Music,Category,0.1565108170387169,0.1565108170387169
interior,Text,0.15645169470414644,0.15645169470414644
film based,Text,-0.15615400452901043,0.15615400452901043
planter,Text,0.15559199088819414,0.15559199088819414
dry,Text,0.15543883121849186,0.15543883121849186
log,Text,-0.15542667706291977,0.15542667706291977
one night,Text,0.1554188495256171,0.1554188495256171
trap,Text,-0.1551708310983593,0.1551708310983593
feel,Text,0.15503840448370348,0.15503840448370348
category_Playing Cards,Category,0.1545419075385543,0.1545419075385543
finding,Text,-0.1545356483234428,0.1545356483234428
george,Text,-0.1544587438757296,0.1544587438757296
thailand,Text,-0.15436321945467338,0.15436321945467338
fresh,Text,0.15423987995325886,0.15423987995325886
portfolio,Text,-0.15420326196893847,0.15420326196893847
europe,Text,0.15401353607910023,0.15401353607910023
category_Thrillers,Category,-0.1538315675273723,0.1538315675273723
empower,Text,0.1533933160998378,0.1533933160998378
teacher,Text,-0.15327269652037126,0.15327269652037126
focused,Text,-0.15318255255731064,0.15318255255731064
court,Text,0.15276896530137035,0.15276896530137035
landscape,Text,0.1526490824343022,0.1526490824343022
help release,Text,-0.1526251549004705,0.1526251549004705
chicago,Text,0.1525915163504065,0.1525915163504065
troll,Text,0.15254762382706152,0.15254762382706152
hero,Text,-0.15245728192060418,0.15245728192060418
philadelphia,Text,-0.1524086342829509,0.1524086342829509
sand,Text,-0.15223873159345713,0.15223873159345713
horror movie,Text,0.15144714012355834,0.15144714012355834
min,Text,0.1513151819148583,0.1513151819148583
quiet,Text,-0.151281110123034,0.151281110123034
category_Blues,Category,0.15120088847976523,0.15120088847976523
trail,Text,0.15115698676591124,0.15115698676591124
falling,Text,0.15092285441664427,0.15092285441664427
main_category_Games,Category,-0.1509043626236905,0.1509043626236905
summer collection,Text,-0.15082538850029342,0.15082538850029342
bob,Text,-0.15070730742256788,0.15070730742256788
matching,Text,0.15066592004043503,0.15066592004043503
bilingual,Text,-0.15014004174059115,0.15014004174059115
tree,Text,0.15001911784736913,0.15001911784736913
graphic novel,Text,0.14992903877483377,0.14992903877483377
lemonade,Text,-0.1497964586560719,0.1497964586560719
local,Text,-0.14931587590365475,0.14931587590365475
memoir,Text,0.14915921800323867,0.14915921800323867
reusable,Text,0.14899178774470848,0.14899178774470848
luck,Text,0.14886788171383286,0.14886788171383286
rob,Text,-0.14870781119662205,0.14870781119662205
post apocalyptic,Text,-0.14865016520293822,0.14865016520293822
top,Text,-0.14845892918367884,0.14845892918367884
print edition,Text,0.14823010688115643,0.14823010688115643
put,Text,0.14818892879569137,0.14818892879569137
share,Text,-0.148123814714798,0.148123814714798
digital,Text,-0.1477207157765149,0.1477207157765149
bill,Text,0.14771302419282617,0.14771302419282617
full color,Text,0.14769275544785512,0.14769275544785512
category_Comic Books,Category,0.14761399775683742,0.14761399775683742
goal,Text,-0.14726565567570135,0.14726565567570135
control,Text,0.14698454045491313,0.14698454045491313
generation,Text,-0.14694851740425194,0.14694851740425194
temporary,Text,-0.14691885396198345,0.14691885396198345
flint,Text,-0.14688654461538755,0.14688654461538755
thief,Text,-0.14688496734413298,0.14688496734413298
strategic,Text,-0.14683881138159294,0.14683881138159294
sandwich,Text,-0.14682039521461762,0.14682039521461762
sleepy,Text,0.14667240146872715,0.14667240146872715
guest,Text,-0.1464411659504567,0.1464411659504567
harris,Text,0.14617094302451228,0.14617094302451228
wolf,Text,0.14599244010324855,0.14599244010324855
citizen,Text,0.1459444358779684,0.1459444358779684
sound,Text,-0.14587098697943254,0.14587098697943254
adam,Text,-0.14567471897058162,0.14567471897058162
hanging,Text,-0.1456483352109485,0.1456483352109485
thunder,Text,0.14563561252544646,0.14563561252544646
analysis,Text,-0.14548488352700997,0.14548488352700997
popcorn,Text,0.14533228401368914,0.14533228401368914
china,Text,-0.1452233049424865,0.1452233049424865
young adult,Text,0.14500976001397628,0.14500976001397628
category_Vegan,Category,0.14496982591110713,0.14496982591110713
assassin,Text,-0.144865787197919,0.144865787197919
eight,Text,0.14479120716771823,0.14479120716771823
weekly,Text,0.14475824966667106,0.14475824966667106
jeremy,Text,0.1447024602329495,0.1447024602329495
athlete,Text,-0.14449097186363052,0.14449097186363052
gorilla,Text,-0.14433000194038298,0.14433000194038298
extension,Text,-0.14409839708903285,0.14409839708903285
run,Text,0.14389347535824504,0.14389347535824504
pop culture,Text,0.14378672026984646,0.14378672026984646
bespoke,Text,-0.14362283407178966,0.14362283407178966
process,Text,0.14352723588988212,0.14352723588988212
nuclear,Text,0.14347790926658152,0.14347790926658152
portal,Text,0.14337678862545997,0.14337678862545997
amplifier,Text,-0.1431852609217706,0.1431852609217706
daughter,Text,0.14306097430838297,0.14306097430838297
caramel,Text,0.14302787418520654,0.14302787418520654
justice,Text,-0.14295909093643797,0.14295909093643797
without,Text,0.14278172877676854,0.14278172877676854
true,Text,-0.14225383747534176,0.14225383747534176
giant,Text,-0.14183613291079894,0.14183613291079894
division,Text,-0.14150245346782334,0.14150245346782334
sewing,Text,0.14135425660284234,0.14135425660284234
trial,Text,-0.1412644732515564,0.1412644732515564
jay,Text,0.14106562969195185,0.14106562969195185
stylish,Text,-0.14100009950958334,0.14100009950958334
recycled,Text,0.14071630513965297,0.14071630513965297
irish,Text,0.14027136830840362,0.14027136830840362
fur,Text,0.14009252454136892,0.14009252454136892
blow,Text,0.14003881205403182,0.14003881205403182
champion,Text,-0.13982711623912167,0.13982711623912167
produced,Text,-0.13966948557601988,0.13966948557601988
scenery,Text,0.13950243621508282,0.13950243621508282
hunt,Text,-0.13931556290979547,0.13931556290979547
kick start,Text,0.13925514782311002,0.13925514782311002
inspire,Text,-0.13919138771043132,0.13919138771043132
hive,Text,0.13911579856629877,0.13911579856629877
jamie,Text,-0.13875279193789514,0.13875279193789514
oil,Text,-0.13865118133900145,0.13865118133900145
tape,Text,0.13859410884416726,0.13859410884416726
living,Text,-0.13809006649107244,0.13809006649107244
bye,Text,-0.13807300940076606,0.13807300940076606
soccer,Text,-0.1378012225243733,0.1378012225243733
rapper,Text,0.13758647600974483,0.13758647600974483
writer,Text,0.13742955778238417,0.13742955778238417
office,Text,-0.13739251040529535,0.13739251040529535
convention,Text,-0.13736117745220333,0.13736117745220333
world music,Text,0.13712893635581025,0.13712893635581025
light,Text,0.13684873454568475,0.13684873454568475
camp,Text,0.13683513623219162,0.13683513623219162
tabletop,Text,0.13677438998808916,0.13677438998808916
tag,Text,-0.13656083416938297,0.13656083416938297
illustrated book,Text,-0.13643315276922405,0.13643315276922405
bee,Text,0.13633643323557276,0.13633643323557276
thriller,Text,-0.13611520622361228,0.13611520622361228
liquid,Text,0.1358393915454332,0.1358393915454332
nice,Text,0.13580236439063362,0.13580236439063362
upon,Text,-0.13579596911913508,0.13579596911913508
small batch,Text,0.13572192686164058,0.13572192686164058
walter,Text,-0.13559698927663602,0.13559698927663602
lust,Text,-0.13558911954250424,0.13558911954250424
tomato,Text,0.13519984694936124,0.13519984694936124
new musical,Text,-0.134882301480223,0.134882301480223
justin,Text,-0.13475460649150392,0.13475460649150392
category_Childrenswear,Category,-0.13471928348664058,0.13471928348664058
egg,Text,-0.13446699383656846,0.13446699383656846
century,Text,-0.13441688352871908,0.13441688352871908
agent,Text,-0.1343886415967715,0.1343886415967715
tooth,Text,-0.1343133529878422,0.1343133529878422
del,Text,0.13418804664503606,0.13418804664503606
lullaby,Text,0.13392594847167805,0.13392594847167805
upgrade,Text,-0.13354867135832396,0.13354867135832396
pc,Text,-0.13349032583294015,0.13349032583294015
flute,Text,0.13346215235181788,0.13346215235181788
filter,Text,-0.13340427191740262,0.13340427191740262
potter,Text,0.13331168816953973,0.13331168816953973
best friend,Text,0.13328791142332272,0.13328791142332272
terra,Text,0.13320174577242475,0.13320174577242475
title_word_count,Numeric,0.1329726246267874,0.1329726246267874
verse,Text,0.13296438154039283,0.13296438154039283
horse,Text,0.13295866165701772,0.13295866165701772
category_Movie Theaters,Category,0.13277626407979104,0.13277626407979104
sling,Text,-0.13232611643718156,0.13232611643718156
broken,Text,-0.13227154442573147,0.13227154442573147
dot,Text,-0.13225017964910643,0.13225017964910643
stick,Text,0.13222233720823767,0.13222233720823767
full,Text,-0.13218466728808015,0.13218466728808015
clown,Text,-0.1319357909309418,0.1319357909309418
many,Text,0.13189730618938408,0.13189730618938408
lock,Text,-0.1314744857039509,0.1314744857039509
parade,Text,0.1311017183051198,0.1311017183051198
bay area,Text,0.13088759927163862,0.13088759927163862
tie,Text,0.1305531437881454,0.1305531437881454
volume one,Text,-0.13054675331079776,0.13054675331079776
moving,Text,-0.13025372184924583,0.13025372184924583
sweet,Text,-0.1301347138295615,0.1301347138295615
upcoming,Text,-0.13010459712957825,0.13010459712957825
mug,Text,0.12995307628532737,0.12995307628532737
henry,Text,-0.12984755485520078,0.12984755485520078
sunset,Text,-0.12977546334155768,0.12977546334155768
specialty,Text,-0.1296750552012947,0.1296750552012947
category_Small Batch,Category,-0.12962792499277612,0.12962792499277612
di,Text,0.12948360246388554,0.12948360246388554
spicy,Text,0.12924238379382563,0.12924238379382563
category_Pet Fashion,Category,0.12916634113095757,0.12916634113095757
need new,Text,0.12910714841056092,0.12910714841056092
menswear,Text,-0.12901467828317065,0.12901467828317065
sportswear,Text,-0.1288634159838244,0.1288634159838244
paddle,Text,-0.1288159630956958,0.1288159630956958
convenient,Text,0.12871381540221505,0.12871381540221505
mud,Text,-0.12865403649009233,0.12865403649009233
tall,Text,-0.12832241657400273,0.12832241657400273
rule,Text,-0.12811978783452302,0.12811978783452302
vine,Text,0.1278630885485431,0.1278630885485431
hide,Text,-0.12754286761757214,0.12754286761757214
critical,Text,-0.12746129648853327,0.12746129648853327
golden,Text,0.12734342468870416,0.12734342468870416
worth,Text,-0.1272622942609512,0.1272622942609512
divide,Text,-0.12705739847266223,0.12705739847266223
goodness,Text,-0.1270214737029913,0.1270214737029913
potential,Text,0.12700388628672757,0.12700388628672757
paradise,Text,0.12697211914491957,0.12697211914491957
uncle,Text,-0.12677486379758893,0.12677486379758893
patrick,Text,-0.1264895053553257,0.1264895053553257
long,Text,0.1261207159278824,0.1261207159278824
golden age,Text,-0.12611467202997445,0.12611467202997445
welcome,Text,-0.12603774321613667,0.12603774321613667
recording debut,Text,-0.12593465992582556,0.12593465992582556
million,Text,-0.12589836620780898,0.12589836620780898
eden,Text,0.12541844540648514,0.12541844540648514
measure,Text,0.1254171509455258,0.1254171509455258
main_category_Art,Category,-0.12537943470862684,0.12537943470862684
farewell,Text,0.12509431228736528,0.12509431228736528
villain,Text,0.12491769699669397,0.12491769699669397
doodle,Text,0.12460018728144283,0.12460018728144283
bit,Text,0.12452566041789977,0.12452566041789977
theatre company,Text,-0.12410679321078368,0.12410679321078368
shelter,Text,0.12373666138800157,0.12373666138800157
underground,Text,-0.12369705629175892,0.12369705629175892
conversation,Text,-0.12340007466308431,0.12340007466308431
bullet,Text,0.12336690531223805,0.12336690531223805
lucky,Text,0.12330210103759845,0.12330210103759845
shit,Text,0.12305188648078433,0.12305188648078433
instrument,Text,-0.1229121854934569,0.1229121854934569
rex,Text,-0.12272245703756969,0.12272245703756969
er,Text,-0.12267620974935575,0.12267620974935575
cutting board,Text,0.12260501545042339,0.12260501545042339
flame,Text,-0.12253240820999332,0.12253240820999332
comedy short,Text,0.12253170477833332,0.12253170477833332
architect,Text,0.12242409222455644,0.12242409222455644
cleaning,Text,0.12229942604289526,0.12229942604289526
booth,Text,0.12209035405604929,0.12209035405604929
chamber,Text,-0.12194100793179224,0.12194100793179224
witness,Text,0.12166067744322415,0.12166067744322415
restoring,Text,0.12150244756265262,0.12150244756265262
adult coloring,Text,-0.12140802995477508,0.12140802995477508
dance festival,Text,-0.12105438238990687,0.12105438238990687
alarm,Text,0.12040116953782055,0.12040116953782055
feast,Text,0.12029773570182727,0.12029773570182727
demand,Text,-0.1201664216872018,0.1201664216872018
junior,Text,0.12007381038359141,0.12007381038359141
pressing,Text,-0.11988370596829684,0.11988370596829684
born,Text,-0.11984025321679341,0.11984025321679341
category_Musical,Category,-0.11975168873387379,0.11975168873387379
negative,Text,-0.11962421990202611,0.11962421990202611
say,Text,-0.11933421671398493,0.11933421671398493
tide,Text,0.11926777864520294,0.11926777864520294
category_Graphic Novels,Category,0.11913755496979653,0.11913755496979653
matthew,Text,0.11902589174766474,0.11902589174766474
ridge,Text,0.11874521932739916,0.11874521932739916
branch,Text,0.11869055522699737,0.11869055522699737
fiction,Text,-0.11864813241371965,0.11864813241371965
board game,Text,-0.11864568358570929,0.11864568358570929
ipad iphone,Text,0.11854535208502087,0.11854535208502087
one year,Text,-0.11852259265489556,0.11852259265489556
heist,Text,0.11831784648814328,0.11831784648814328
cereal,Text,-0.11826397269964067,0.11826397269964067
wire,Text,0.1181686291546111,0.1181686291546111
speaks,Text,-0.11806884484193711,0.11806884484193711
taste,Text,-0.11793137832830727,0.11793137832830727
pas,Text,0.11791328068601285,0.11791328068601285
eastern,Text,-0.11774988489421631,0.11774988489421631
category_Rock,Category,0.11768542041768708,0.11768542041768708
slider,Text,0.11756126015868029,0.11756126015868029
john,Text,-0.11750523206956139,0.11750523206956139
quick,Text,-0.11704293146779571,0.11704293146779571
alchemy,Text,0.11691640492769226,0.11691640492769226
minnesota,Text,0.11688692882958597,0.11688692882958597
first ep,Text,0.11669610996896826,0.11669610996896826
drawing,Text,0.11662049377379752,0.11662049377379752
trapped,Text,0.11641210579016874,0.11641210579016874
columbia,Text,0.11640179101327945,0.11640179101327945
friendly,Text,0.11633383673306041,0.11633383673306041
castle,Text,-0.11625748626466534,0.11625748626466534
high quality,Text,-0.11624220431157205,0.11624220431157205
pastry,Text,0.11616186241824275,0.11616186241824275
pyramid,Text,-0.11601900292548159,0.11601900292548159
category_Webcomics,Category,-0.11580099645246106,0.11580099645246106
risk,Text,0.11579603310305485,0.11579603310305485
dough,Text,-0.11563970496457741,0.11563970496457741
category_Publishing,Category,-0.11559336500433566,0.11559336500433566
waking,Text,-0.11557126314998649,0.11557126314998649
cutting,Text,-0.11554203784461534,0.11554203784461534
pa,Text,0.1155334213638586,0.1155334213638586
hang,Text,0.11530570286252559,0.11530570286252559
handbook,Text,0.11517369198766853,0.11517369198766853
claw,Text,0.11502013044021013,0.11502013044021013
indian,Text,-0.11493251886949264,0.11493251886949264
troy,Text,-0.11485937146480296,0.11485937146480296
politics,Text,-0.1146391348987531,0.1146391348987531
ark,Text,-0.11461015857282086,0.11461015857282086
snow,Text,0.11453378075626333,0.11453378075626333
anxiety,Text,-0.11450981906715417,0.11450981906715417
hold,Text,-0.11429848322466112,0.11429848322466112
thousand,Text,0.11417513596890458,0.11417513596890458
first,Text,0.11362939380999892,0.11362939380999892
platformer,Text,-0.11357357967009038,0.11357357967009038
farming,Text,-0.11344157469238213,0.11344157469238213
communication,Text,0.11314094722958022,0.11314094722958022
day,Text,-0.1131103773444294,0.1131103773444294
poetry book,Text,-0.11291992276719325,0.11291992276719325
card deck,Text,-0.11288904731491105,0.11288904731491105
imagine,Text,0.11288682474289617,0.11288682474289617
saved,Text,-0.1128539783003482,0.1128539783003482
text,Text,-0.11278977170295616,0.11278977170295616
outdoors,Text,0.11257464191262455,0.11257464191262455
low,Text,-0.11246774358420361,0.11246774358420361
hook,Text,0.11228828002347789,0.11228828002347789
country music,Text,0.11216830008348093,0.11216830008348093
romeo juliet,Text,0.11210031118061764,0.11210031118061764
jade,Text,0.11192208384800811,0.11192208384800811
zealand,Text,-0.11176214430465108,0.11176214430465108
new zealand,Text,-0.11176214430465108,0.11176214430465108
category_Product Design,Category,0.11160170187984893,0.11160170187984893
paracord,Text,-0.11148390906272682,0.11148390906272682
colored,Text,0.11126047835096489,0.11126047835096489
die,Text,0.1112154937840448,0.1112154937840448
goal_per_day,Numeric,-0.11097032958255469,0.11097032958255469
strength,Text,-0.11094948170968227,0.11094948170968227
act,Text,-0.11085179363365376,0.11085179363365376
dog,Text,-0.11053134620288432,0.11053134620288432
suite,Text,-0.11032355572952558,0.11032355572952558
master,Text,-0.11031759088498878,0.11031759088498878
device,Text,0.11021005506804013,0.11021005506804013
serenity,Text,-0.11009490895198046,0.11009490895198046
ice,Text,-0.11005427490228653,0.11005427490228653
gray,Text,0.10998255182615396,0.10998255182615396
tap,Text,0.10981146218040787,0.10981146218040787
brother,Text,-0.10979067704515075,0.10979067704515075
bad,Text,-0.1096613139686331,0.1096613139686331
gadget,Text,-0.10959957140136589,0.10959957140136589
change,Text,0.10956603833413807,0.10956603833413807
crimson,Text,-0.10948384102166676,0.10948384102166676
special edition,Text,-0.10942738246290734,0.10942738246290734
fill,Text,0.1093120048011068,0.1093120048011068
dynamic,Text,0.10924304579293923,0.10924304579293923
men woman,Text,0.10889874667490848,0.10889874667490848
deer,Text,-0.10860774767611843,0.10860774767611843
center,Text,0.10838589603137176,0.10838589603137176
new world,Text,-0.1082099767880302,0.1082099767880302
hawaii,Text,-0.10812176799397655,0.10812176799397655
question,Text,0.10791557055467188,0.10791557055467188
category_Music,Category,0.10764355005829887,0.10764355005829887
art project,Text,0.10758110546043824,0.10758110546043824
senior project,Text,0.10753547250142133,0.10753547250142133
pink,Text,-0.1073984692103871,0.1073984692103871
poster,Text,0.10671426704123922,0.10671426704123922
another,Text,-0.10661491377272285,0.10661491377272285
valley,Text,-0.10652585121775009,0.10652585121775009
polar,Text,0.1064411820768815,0.1064411820768815
ok,Text,-0.10634227087439553,0.10634227087439553
tell,Text,-0.10629719924788045,0.10629719924788045
south,Text,0.10613213150918795,0.10613213150918795
tough,Text,-0.10605710769043582,0.10605710769043582
bond,Text,0.10592423252628334,0.10592423252628334
venus,Text,-0.10567775207208852,0.10567775207208852
alexander,Text,-0.10559579262787154,0.10559579262787154
montana,Text,0.10556955078858792,0.10556955078858792
crown,Text,-0.10552496687353896,0.10552496687353896
fall,Text,0.10549393818663372,0.10549393818663372
jackson,Text,-0.10547054698246512,0.10547054698246512
category_People,Category,-0.10499463102980555,0.10499463102980555
way,Text,-0.10449020742416018,0.10449020742416018
vocal,Text,0.10443547850257877,0.10443547850257877
mystery,Text,-0.10438094875431483,0.10438094875431483
foot,Text,-0.10429036776463813,0.10429036776463813
violin,Text,-0.10405119319816232,0.10405119319816232
agenda,Text,-0.10376248042385593,0.10376248042385593
school,Text,-0.10372644768902749,0.10372644768902749
category_Spaces,Category,0.10363717796108575,0.10363717796108575
executive,Text,0.1031383849806168,0.1031383849806168
breathe,Text,0.10309006787371172,0.10309006787371172
bat,Text,-0.10287916112293578,0.10287916112293578
ordinary,Text,0.1027100167635765,0.1027100167635765
serving,Text,-0.10267576127300387,0.10267576127300387
busy,Text,-0.10263894548249589,0.10263894548249589
western,Text,0.10254106617168394,0.10254106617168394
skateboard,Text,-0.10244236661697494,0.10244236661697494
3d printable,Text,0.10223935726221206,0.10223935726221206
weapon,Text,0.10223731250400521,0.10223731250400521
ending,Text,-0.10218426983700694,0.10218426983700694
david,Text,0.10190024212812189,0.10190024212812189
mobile,Text,-0.10169483589643404,0.10169483589643404
food,Text,0.10159294442529866,0.10159294442529866
bitch,Text,-0.10148111133199827,0.10148111133199827
research,Text,-0.10130507445140492,0.10130507445140492
owl,Text,0.10123177758199009,0.10123177758199009
protein,Text,-0.10115977422635922,0.10115977422635922
son,Text,-0.10104911197937676,0.10104911197937676
missing,Text,-0.10084754772784012,0.10084754772784012
gathering,Text,0.10082534736915338,0.10082534736915338
middle,Text,-0.10073943442195069,0.10073943442195069
shine,Text,0.10073576741667997,0.10073576741667997
special,Text,0.10066158630997175,0.10066158630997175
fortune,Text,-0.10060388761669131,0.10060388761669131
larp,Text,0.10015778176786458,0.10015778176786458
total,Text,-0.09984931780197613,0.09984931780197613
williams,Text,-0.09967335505391448,0.09967335505391448
house,Text,-0.09947063822840234,0.09947063822840234
mexican,Text,-0.09926636329341819,0.09926636329341819
abyss,Text,-0.09925465249030684,0.09925465249030684
coastal,Text,-0.09917360267039597,0.09917360267039597
water bottle,Text,0.0991720198552195,0.0991720198552195
film noir,Text,-0.0991055257499916,0.0991055257499916
bench,Text,0.0990829846530502,0.0990829846530502
harry,Text,-0.09898971498409692,0.09898971498409692
software,Text,-0.0989018143778557,0.0989018143778557
chest,Text,0.0988845488510548,0.0988845488510548
step,Text,-0.09876574980340419,0.09876574980340419
france,Text,0.09872677916321992,0.09872677916321992
train,Text,0.09866189957483149,0.09866189957483149
toxic,Text,-0.09864038248357787,0.09864038248357787
category_Festivals,Category,0.09817149595135397,0.09817149595135397
port,Text,-0.09814311796486178,0.09814311796486178
content,Text,0.09809574124896954,0.09809574124896954
touring,Text,-0.09805587283451672,0.09805587283451672
secret,Text,0.09802069134932724,0.09802069134932724
swamp,Text,0.09800937710221493,0.09800937710221493
lose,Text,0.0979348881012882,0.0979348881012882
premier,Text,-0.09793162305929667,0.09793162305929667
comfort,Text,0.09788652252663806,0.09788652252663806
americana,Text,0.09784148044086777,0.09784148044086777
pipe,Text,0.09775580745026458,0.09775580745026458
serious,Text,-0.09774005932372219,0.09774005932372219
string,Text,-0.09765943333603914,0.09765943333603914
christmas album,Text,0.09745193495967248,0.09745193495967248
big,Text,0.09730694804742741,0.09730694804742741
shaker,Text,-0.09730044346012338,0.09730044346012338
palm,Text,0.09724656483317665,0.09724656483317665
club,Text,0.09709523711925336,0.09709523711925336
wonderful,Text,-0.0970627336834874,0.0970627336834874
singer,Text,0.09705579525871383,0.09705579525871383
vr,Text,-0.09695685080466222,0.09695685080466222
new recording,Text,-0.0966205732302744,0.0966205732302744
apocalyptic,Text,-0.09655610255335664,0.09655610255335664
melody,Text,-0.09634661041440634,0.09634661041440634
vest,Text,-0.0962841699241073,0.0962841699241073
elegant,Text,0.0961992469461804,0.0961992469461804
fair trade,Text,0.0960845963126808,0.0960845963126808
halo,Text,0.09592500372522074,0.09592500372522074
phoenix,Text,0.09560322830392798,0.09560322830392798
series season,Text,-0.095546393289246,0.095546393289246
legal,Text,-0.09552467362759762,0.09552467362759762
feeling,Text,0.09533870314108772,0.09533870314108772
bros,Text,0.09530815770780264,0.09530815770780264
crew,Text,-0.09517535019493764,0.09517535019493764
ugly,Text,-0.09516107674979857,0.09516107674979857
cookie,Text,-0.09504856319443984,0.09504856319443984
ship,Text,0.09467977937675856,0.09467977937675856
box set,Text,0.09409743218340513,0.09409743218340513
profile,Text,0.09394670162863412,0.09394670162863412
championship,Text,-0.09373508260521517,0.09373508260521517
actor,Text,0.09373243402862214,0.09373243402862214
fence,Text,0.09362866063648996,0.09362866063648996
country_ES,Category,0.09359260340029024,0.09359260340029024
butt,Text,-0.09355548113808088,0.09355548113808088
pepper,Text,-0.09351382011023995,0.09351382011023995
physical,Text,0.09330474572463376,0.09330474572463376
bloody,Text,-0.09327148130274139,0.09327148130274139
price,Text,0.09320510722866529,0.09320510722866529
soon,Text,0.09294632845124988,0.09294632845124988
fantasy novel,Text,-0.09283637798863917,0.09283637798863917
category_Flight,Category,-0.0926896119927526,0.0926896119927526
mode,Text,-0.09248630424958154,0.09248630424958154
disability,Text,0.09238518792626094,0.09238518792626094
damage,Text,-0.092378238382092,0.092378238382092
crafting,Text,-0.09223635979380038,0.09223635979380038
modern day,Text,0.09216085882369073,0.09216085882369073
community,Text,0.09203902107694964,0.09203902107694964
epic fantasy,Text,0.09191881790470151,0.09191881790470151
artificial,Text,0.09186630552207958,0.09186630552207958
around,Text,-0.09174429816516312,0.09174429816516312
feature film,Text,-0.09162815374098002,0.09162815374098002
assault,Text,-0.0915895316737114,0.0915895316737114
dance theatre,Text,0.09126959370947282,0.09126959370947282
diy,Text,-0.09122597449126105,0.09122597449126105
lost found,Text,-0.09098705960367115,0.09098705960367115
tshirts,Text,-0.0908392777935977,0.0908392777935977
goblin,Text,0.0903680265780575,0.0903680265780575
hub,Text,0.0901192123120303,0.0901192123120303
person,Text,-0.09001640530305415,0.09001640530305415
hot,Text,-0.08990760650489048,0.08990760650489048
speak,Text,0.08988631569180101,0.08988631569180101
exploring,Text,-0.08978855574789499,0.08978855574789499
kentucky,Text,0.08971312528940267,0.08971312528940267
female,Text,0.08948903036854283,0.08948903036854283
affordable,Text,-0.08940944887230141,0.08940944887230141
victory,Text,-0.08909493161934459,0.08909493161934459
seafood,Text,0.08906775886873192,0.08906775886873192
firefly,Text,-0.08905896341212087,0.08905896341212087
hand,Text,-0.08897709834311067,0.08897709834311067
impression,Text,-0.08896402746902239,0.08896402746902239
ever,Text,0.08867924868949699,0.08867924868949699
conspiracy,Text,-0.08850604661898372,0.08850604661898372
universal,Text,-0.0883478399848078,0.0883478399848078
raise,Text,0.08829699215962207,0.08829699215962207
trouble,Text,-0.08812614965814043,0.08812614965814043
friday,Text,-0.08804368817196118,0.08804368817196118
slice,Text,0.0879844768210405,0.0879844768210405
ya,Text,0.08739040550043561,0.08739040550043561
ancient,Text,-0.08734833718841187,0.08734833718841187
king,Text,-0.08726372235379563,0.08726372235379563
book kid,Text,0.08717093989243964,0.08717093989243964
yoga mat,Text,0.08693159516624877,0.08693159516624877
celestial,Text,0.08677087897806754,0.08677087897806754
force,Text,0.08676436014606842,0.08676436014606842
scott,Text,0.08670635535720421,0.08670635535720421
coming soon,Text,0.08656066206570846,0.08656066206570846
horn,Text,0.086470465284255,0.086470465284255
grand,Text,-0.08628312209888536,0.08628312209888536
normal,Text,-0.08607948306291585,0.08607948306291585
silence,Text,0.08598146847239892,0.08598146847239892
iphone case,Text,-0.08586274088131554,0.08586274088131554
yo,Text,-0.08557984931010384,0.08557984931010384
answer,Text,-0.08538991076367419,0.08538991076367419
building,Text,-0.08521413499382165,0.08521413499382165
axis,Text,0.08513485186509974,0.08513485186509974
towel,Text,0.08494630769436144,0.08494630769436144
bin,Text,-0.08485632020942864,0.08485632020942864
sized,Text,0.0847741065598899,0.0847741065598899
stainless steel,Text,-0.08465557553016113,0.08465557553016113
chance,Text,-0.08464445564246266,0.08464445564246266
panda,Text,-0.08454947913037478,0.08454947913037478
lost,Text,-0.08449106084386852,0.08449106084386852
nail,Text,0.08442648591791237,0.08442648591791237
hope,Text,-0.08424754885132607,0.08424754885132607
low cost,Text,0.0841417486245579,0.0841417486245579
fired,Text,-0.08408189104307005,0.08408189104307005
funded,Text,-0.08388884814947711,0.08388884814947711
full length,Text,0.0838688932357366,0.0838688932357366
exercise,Text,-0.08373703518346874,0.08373703518346874
grab,Text,0.08367860628651931,0.08367860628651931
stress,Text,0.08347377420254051,0.08347377420254051
boot,Text,0.08313281528962134,0.08313281528962134
truck,Text,0.08292500097898571,0.08292500097898571
vietnam,Text,-0.08292127398952984,0.08292127398952984
warehouse,Text,-0.08290146318042751,0.08290146318042751
caravan,Text,0.08280333001146559,0.08280333001146559
making album,Text,0.0828028448545563,0.0828028448545563
strange,Text,0.08271998894544216,0.08271998894544216
atlantic,Text,0.08265838289405747,0.08265838289405747
whole,Text,0.08261061430524984,0.08261061430524984
curse,Text,0.0825228194790514,0.0825228194790514
lee,Text,-0.08228220799821204,0.08228220799821204
disc golf,Text,-0.08219005414767522,0.08219005414767522
american dream,Text,0.08184533953073221,0.08184533953073221
dock,Text,0.08173840228858334,0.08173840228858334
duke,Text,-0.08159677614167457,0.08159677614167457
men,Text,-0.08149351611820402,0.08149351611820402
painter,Text,-0.0808869019769269,0.0808869019769269
eclipse,Text,-0.08066435360635389,0.08066435360635389
student short,Text,-0.08058261264603674,0.08058261264603674
meaning,Text,0.08024702284896885,0.08024702284896885
beard,Text,0.0802296416930604,0.0802296416930604
alcohol,Text,0.08016281701299122,0.08016281701299122
game development,Text,0.0796968258017767,0.0796968258017767
zen,Text,0.07957336410422436,0.07957336410422436
come,Text,-0.07955370302684664,0.07955370302684664
tomb,Text,-0.07947209080864687,0.07947209080864687
jelly,Text,-0.07927754153843945,0.07927754153843945
every,Text,-0.07927714742492709,0.07927714742492709
tote,Text,-0.0792698287832533,0.0792698287832533
siren,Text,0.07926337391224611,0.07926337391224611
parking,Text,0.07919240145061737,0.07919240145061737
main_category_Journalism,Category,0.07915975736944772,0.07915975736944772
tent,Text,0.07913167286229522,0.07913167286229522
hurt,Text,-0.07882374199837883,0.07882374199837883
revolutionary,Text,0.07878708733242268,0.07878708733242268
category_Design,Category,-0.07872191956219476,0.07872191956219476
disc,Text,-0.07846486055545014,0.07846486055545014
fit,Text,-0.07822592195498188,0.07822592195498188
leader,Text,0.0781607957210131,0.0781607957210131
category_Food,Category,-0.07810952816644112,0.07810952816644112
shoppe,Text,-0.07771625232692984,0.07771625232692984
comedy,Text,-0.07761284245410516,0.07761284245410516
madison,Text,0.07752266766186214,0.07752266766186214
phone,Text,-0.07746575928670787,0.07746575928670787
launch_quarter,Numeric,-0.07729613655791273,0.07729613655791273
factory,Text,-0.07698378442364073,0.07698378442364073
lunch,Text,0.07675398138488794,0.07675398138488794
making,Text,-0.07660859462608921,0.07660859462608921
integrated,Text,-0.076516381458265,0.076516381458265
destination,Text,-0.07640059701574757,0.07640059701574757
storefront,Text,0.07625063106608743,0.07625063106608743
horror short,Text,-0.0761993941748286,0.0761993941748286
source,Text,0.07608939508447726,0.07608939508447726
roleplaying,Text,0.07606516201702374,0.07606516201702374
snack,Text,0.07596569879990578,0.07596569879990578
category_Technology,Category,-0.07588851303080438,0.07588851303080438
invasion,Text,-0.0757462666944987,0.0757462666944987
cardboard,Text,0.07564720529740994,0.07564720529740994
marathon,Text,-0.07560868833752545,0.07560868833752545
element,Text,-0.07556555336938861,0.07556555336938861
assistant,Text,-0.07492308060692239,0.07492308060692239
packed,Text,0.07489691461530855,0.07489691461530855
shannon,Text,-0.07488381781777134,0.07488381781777134
debate,Text,-0.07466577301745901,0.07466577301745901
home,Text,0.07427079671960309,0.07427079671960309
something,Text,0.07374276047248438,0.07374276047248438
fool,Text,-0.07372119686234048,0.07372119686234048
tiki,Text,0.07367207231523183,0.07367207231523183
pacific,Text,-0.07366033549370314,0.07366033549370314
mask,Text,0.07364231743236435,0.07364231743236435
valentine,Text,-0.07361287765317714,0.07361287765317714
completion,Text,0.0735447829868206,0.0735447829868206
introducing,Text,0.07339969648488348,0.07339969648488348
medicine,Text,-0.07339320357237472,0.07339320357237472
water,Text,-0.07334262999839807,0.07334262999839807
new book,Text,0.0732388869366261,0.0732388869366261
bo,Text,0.07320620631690165,0.07320620631690165
someone,Text,0.07296709352562956,0.07296709352562956
pancake,Text,-0.07287835054375914,0.07287835054375914
workout,Text,-0.07282221745779324,0.07282221745779324
untitled,Text,-0.07278181025814413,0.07278181025814413
austin,Text,-0.07259024250159567,0.07259024250159567
taylor,Text,-0.07251167587930941,0.07251167587930941
gravity,Text,-0.07250544809435819,0.07250544809435819
life time,Text,0.0724850549689243,0.0724850549689243
skin,Text,0.07242244403269536,0.07242244403269536
joseph,Text,-0.07242082420604283,0.07242082420604283
animal,Text,0.07228994121412356,0.07228994121412356
zodiac,Text,0.07194396675231321,0.07194396675231321
creator,Text,0.07108471425652453,0.07108471425652453
jeff,Text,-0.07106335585759298,0.07106335585759298
blocking,Text,-0.0709416253812919,0.0709416253812919
wide,Text,0.07087099033776846,0.07087099033776846
reference,Text,0.07065464223223626,0.07065464223223626
record label,Text,0.07020067362599683,0.07020067362599683
dinosaur,Text,0.07017175125235725,0.07017175125235725
tv series,Text,-0.06985865894559866,0.06985865894559866
telling,Text,0.06978204054373406,0.06978204054373406
art print,Text,-0.0697375308556976,0.0697375308556976
access,Text,0.06967715234694626,0.06967715234694626
vegetable,Text,-0.06937069880875328,0.06937069880875328
con,Text,0.0692757256546323,0.0692757256546323
level,Text,-0.06914678439011655,0.06914678439011655
bathroom,Text,-0.06908365129261695,0.06908365129261695
conference,Text,0.06906133651245078,0.06906133651245078
specie,Text,0.0687898036942777,0.0687898036942777
wall,Text,-0.068698205515164,0.068698205515164
motion picture,Text,0.06847307950309175,0.06847307950309175
precision,Text,0.06838996468327085,0.06838996468327085
dslr,Text,-0.06827942675022147,0.06827942675022147
sweat,Text,0.06822163567378844,0.06822163567378844
category_Pop,Category,0.06810025469259448,0.06810025469259448
fast food,Text,-0.06806699439325511,0.06806699439325511
watercolor,Text,0.06800124846687416,0.06800124846687416
main,Text,0.06795522729297088,0.06795522729297088
soy,Text,-0.06790615860556927,0.06790615860556927
arthur,Text,-0.06778768438964365,0.06778768438964365
value,Text,0.06754699240505987,0.06754699240505987
animation,Text,-0.0673722878691789,0.0673722878691789
rally,Text,0.06733530917966847,0.06733530917966847
tango,Text,0.06700755968388099,0.06700755968388099
must,Text,-0.06683776815213067,0.06683776815213067
ra,Text,0.06683650192789212,0.06683650192789212
debut cd,Text,-0.06677441037763565,0.06677441037763565
romeo,Text,0.06677019604252338,0.06677019604252338
gas,Text,-0.06669024447650149,0.06669024447650149
ego,Text,-0.06655407725527632,0.06655407725527632
launch_weekday,Numeric,-0.06654246635318158,0.06654246635318158
toronto,Text,-0.06648459941834707,0.06648459941834707
edgar,Text,-0.06637105154627967,0.06637105154627967
fact,Text,-0.06593564263520514,0.06593564263520514
magic,Text,-0.06590477476143466,0.06590477476143466
book tour,Text,-0.06588498627354869,0.06588498627354869
los,Text,0.06580211589804486,0.06580211589804486
primer,Text,0.06569240653497611,0.06569240653497611
possibility,Text,-0.06565113273388405,0.06565113273388405
india,Text,-0.0655154143891497,0.0655154143891497
category_Art,Category,0.0653938865415692,0.0653938865415692
blast,Text,-0.06536800193451206,0.06536800193451206
edible,Text,-0.06527818190629575,0.06527818190629575
luggage,Text,-0.06527063554316034,0.06527063554316034
launch_year,Numeric,-0.06526122715889858,0.06526122715889858
faster,Text,0.06525301343971812,0.06525301343971812
miller,Text,0.0652255298894572,0.0652255298894572
park,Text,0.06501518477119139,0.06501518477119139
beer,Text,-0.0646649709203311,0.0646649709203311
greenhouse,Text,0.06454915317306462,0.06454915317306462
record new,Text,-0.06443651134198726,0.06443651134198726
right,Text,0.06419006358269622,0.06419006358269622
first solo,Text,0.06415522642433394,0.06415522642433394
von,Text,-0.06414042314755539,0.06414042314755539
sushi,Text,0.06412013947658443,0.06412013947658443
publication,Text,-0.06401800411866623,0.06401800411866623
syrup,Text,0.06395090771659864,0.06395090771659864
live,Text,-0.06391612380455101,0.06391612380455101
everyone,Text,-0.06390385685633247,0.06390385685633247
industry,Text,-0.06368169449094081,0.06368169449094081
meeting,Text,-0.06357757513709371,0.06357757513709371
category_Music Videos,Category,-0.06342328934771377,0.06342328934771377
stove,Text,-0.06337115341363966,0.06337115341363966
orchestra,Text,0.06331719727362105,0.06331719727362105
central,Text,0.06327344010837996,0.06327344010837996
signal,Text,-0.06322498029924065,0.06322498029924065
dakota,Text,0.0629774030426159,0.0629774030426159
airplane,Text,0.06297104262192908,0.06297104262192908
island,Text,0.06288100164162616,0.06288100164162616
winning,Text,-0.06280943852105783,0.06280943852105783
listening,Text,-0.06266259148866113,0.06266259148866113
biscuit,Text,-0.06250077818548083,0.06250077818548083
linux,Text,-0.06231232290468648,0.06231232290468648
cd release,Text,-0.062277733735284585,0.062277733735284585
kind,Text,-0.06211754758917194,0.06211754758917194
category_Children's Books,Category,0.06205426483404799,0.06205426483404799
category_Faith,Category,0.06168136369342739,0.06168136369342739
main_category_Film & Video,Category,-0.0616583269850746,0.0616583269850746
mental,Text,-0.061652796657789624,0.061652796657789624
idea,Text,0.06157142819830256,0.06157142819830256
next,Text,0.061542340419472784,0.061542340419472784
courage,Text,-0.061395410451278574,0.061395410451278574
category_Accessories,Category,0.06110257344750255,0.06110257344750255
emotional,Text,-0.06096938704286274,0.06096938704286274
sided,Text,-0.060876675691997686,0.060876675691997686
soup,Text,0.06075335387617662,0.06075335387617662
infinity,Text,0.06072638539193928,0.06072638539193928
weekend,Text,-0.06058248493219746,0.06058248493219746
album vinyl,Text,-0.06049167890670496,0.06049167890670496
isle,Text,0.060217800741965116,0.060217800741965116
button,Text,0.060163690078503765,0.060163690078503765
toy,Text,0.06008800310263842,0.06008800310263842
paul,Text,-0.05986988061059999,0.05986988061059999
making music,Text,-0.05969999868747275,0.05969999868747275
category_Horror,Category,-0.059689558364268466,0.059689558364268466
ouya,Text,0.0595711782923274,0.0595711782923274
biography,Text,-0.059566991482507305,0.059566991482507305
flashlight,Text,-0.05945163073397573,0.05945163073397573
close,Text,-0.059447172577129864,0.059447172577129864
hill,Text,0.059368565421060504,0.059368565421060504
dark,Text,0.05933874801108413,0.05933874801108413
draw,Text,0.05926814041255627,0.05926814041255627
block,Text,0.05919204234250589,0.05919204234250589
essence,Text,-0.05880724653120598,0.05880724653120598
reel,Text,0.05879445735963424,0.05879445735963424
en,Text,-0.05876491807170772,0.05876491807170772
greek,Text,-0.058425577455970726,0.058425577455970726
wheel,Text,-0.05825613935500027,0.05825613935500027
harp,Text,-0.05804990872173424,0.05804990872173424
mile,Text,-0.05799293705645289,0.05799293705645289
labyrinth,Text,0.05798488048696213,0.05798488048696213
fly,Text,0.05792757759638709,0.05792757759638709
hotel,Text,-0.05779237976005271,0.05779237976005271
cure,Text,0.05776972075353825,0.05776972075353825
luke,Text,0.05756247676601638,0.05756247676601638
left behind,Text,-0.057389483730661106,0.057389483730661106
palace,Text,-0.05714789870492811,0.05714789870492811
resistant,Text,-0.05703785902712301,0.05703785902712301
edge,Text,0.05697686441927983,0.05697686441927983
gabriel,Text,0.056789262084664456,0.056789262084664456
vita,Text,0.0566861454953069,0.0566861454953069
steven,Text,-0.056565026704827576,0.056565026704827576
audiobook,Text,0.056551367605562536,0.056551367605562536
category_Poetry,Category,-0.05652398215700465,0.05652398215700465
ice cream,Text,-0.05648632097252361,0.05648632097252361
angeles,Text,-0.056440864312020465,0.056440864312020465
listen,Text,0.05633871669246492,0.05633871669246492
history,Text,0.05618877551279212,0.05618877551279212
necklace,Text,0.05613189980524305,0.05613189980524305
main_category_Music,Category,0.05602826634859731,0.05602826634859731
launch,Text,-0.05557575178713239,0.05557575178713239
lover,Text,-0.054947277616107265,0.054947277616107265
launch_month,Numeric,0.05486246331814559,0.05486246331814559
transition,Text,-0.0547913543620766,0.0547913543620766
kansa,Text,-0.05443433235646329,0.05443433235646329
extra,Text,-0.05438832031522963,0.05438832031522963
comeback,Text,-0.05433754332643768,0.05433754332643768
debut album,Text,0.05430111085648844,0.05430111085648844
guide,Text,-0.05420011513173387,0.05420011513173387
job,Text,-0.05393317755252752,0.05393317755252752
printing,Text,-0.05388981265431614,0.05388981265431614
ask,Text,-0.053639934761703284,0.053639934761703284
juice,Text,0.053624604444174044,0.053624604444174044
diego,Text,-0.053449247632032765,0.053449247632032765
everywhere,Text,-0.05340604695444349,0.05340604695444349
model,Text,-0.053361232147647666,0.053361232147647666
mr,Text,-0.05331144681906876,0.05331144681906876
pork,Text,-0.05317828546231705,0.05317828546231705
album fundraiser,Text,0.0530741362683746,0.0530741362683746
tray,Text,-0.05300693624891051,0.05300693624891051
quest,Text,0.052676194898983945,0.052676194898983945
keep,Text,-0.052659956322236766,0.052659956322236766
one,Text,0.052586679434256114,0.052586679434256114
fashionable,Text,-0.05250701121979543,0.05250701121979543
steam,Text,-0.052466528633993766,0.052466528633993766
pickup,Text,-0.05215738401628553,0.05215738401628553
mat,Text,-0.05214927239475738,0.05214927239475738
bear,Text,-0.05191906766928009,0.05191906766928009
help fund,Text,0.051789807938682444,0.051789807938682444
explore,Text,0.05170348910220305,0.05170348910220305
realm,Text,-0.05167914755333607,0.05167914755333607
hemp,Text,0.05123926341805223,0.05123926341805223
literacy,Text,-0.05109960552364028,0.05109960552364028
store,Text,-0.05103727388971644,0.05103727388971644
sexual,Text,0.05099671012014767,0.05099671012014767
automated,Text,0.05096170707943271,0.05096170707943271
category_Romance,Category,-0.05056473970080443,0.05056473970080443
color,Text,0.04991845694743879,0.04991845694743879
cotton,Text,-0.04991299056205126,0.04991299056205126
revive,Text,-0.04944636874960224,0.04944636874960224
area,Text,-0.049302955791200385,0.049302955791200385
recital,Text,0.049279174782690595,0.049279174782690595
monkey,Text,-0.04924807048834822,0.04924807048834822
andy,Text,0.04900997315346803,0.04900997315346803
promise,Text,-0.04897179169540318,0.04897179169540318
pay,Text,0.0485710248651034,0.0485710248651034
guard,Text,0.048234520175692124,0.048234520175692124
category_Punk,Category,-0.047960231681905996,0.047960231681905996
cone,Text,0.04785188898318755,0.04785188898318755
session,Text,0.047851079329411184,0.047851079329411184
adventure book,Text,0.04773581579462367,0.04773581579462367
ghost,Text,0.04768935035382253,0.04768935035382253
decision,Text,-0.04762639219735634,0.04762639219735634
lion,Text,-0.04756269893312081,0.04756269893312081
venice,Text,-0.047302963442123855,0.047302963442123855
eat,Text,0.04729621365383842,0.04729621365383842
sandal,Text,-0.04720859614886638,0.04720859614886638
pittsburgh,Text,0.047109581784159624,0.047109581784159624
hey,Text,-0.04683994902854439,0.04683994902854439
hug,Text,-0.04683828734610379,0.04683828734610379
killed,Text,0.046834558284333166,0.046834558284333166
casual,Text,0.04662355203335462,0.04662355203335462
naturally,Text,0.04654091749432458,0.04654091749432458
ipad,Text,0.046473116535660296,0.046473116535660296
weather,Text,-0.0464280845196545,0.0464280845196545
pressure,Text,-0.046172753596723654,0.046172753596723654
alternative,Text,0.04615845923656365,0.04615845923656365
art photography,Text,-0.04611279562915706,0.04611279562915706
bio,Text,-0.045943640381834266,0.045943640381834266
sydney,Text,-0.04592282847358244,0.04592282847358244
keith,Text,0.0457065690075431,0.0457065690075431
electronics,Text,0.04521860728026153,0.04521860728026153
paris,Text,0.0451544054537018,0.0451544054537018
crush,Text,0.04497345457304643,0.04497345457304643
massive,Text,0.04493296547485998,0.04493296547485998
bud,Text,-0.04461004462797269,0.04461004462797269
wilson,Text,-0.04455383998650072,0.04455383998650072
boy,Text,-0.04447419300312881,0.04447419300312881
ninja,Text,0.04435123162834941,0.04435123162834941
category_Theater,Category,0.04435001713870004,0.04435001713870004
theatre,Text,-0.04423391982054412,0.04423391982054412
insect,Text,-0.04383389111461816,0.04383389111461816
love song,Text,-0.04383173601672505,0.04383173601672505
sierra,Text,0.04370694160621148,0.04370694160621148
print run,Text,-0.04362888376719832,0.04362888376719832
scratch,Text,0.043513559030695405,0.043513559030695405
vault,Text,0.04347109025433927,0.04347109025433927
experimental,Text,0.04337468987213435,0.04337468987213435
solo album,Text,0.04335002984289874,0.04335002984289874
monster,Text,0.04303246580149721,0.04303246580149721
first ever,Text,0.042934146688886454,0.042934146688886454
heart,Text,-0.04228027742253812,0.04228027742253812
collector,Text,-0.04222834738302766,0.04222834738302766
turtle,Text,0.042016274211040365,0.042016274211040365
cream,Text,0.041599401949372984,0.041599401949372984
cat,Text,0.04152703204187432,0.04152703204187432
laundry,Text,0.041496073631692096,0.041496073631692096
eats,Text,-0.04141985203210152,0.04141985203210152
carnival,Text,-0.04064680693074286,0.04064680693074286
adoption,Text,0.040638038023143995,0.040638038023143995
swing,Text,0.04057858344610366,0.04057858344610366
shack,Text,-0.04017044903154497,0.04017044903154497
feather,Text,0.039995337961975116,0.039995337961975116
storm,Text,0.039786079766673574,0.039786079766673574
broadway,Text,-0.03975532167731644,0.03975532167731644
super,Text,-0.03973974912328187,0.03973974912328187
nest,Text,-0.039622234411004695,0.039622234411004695
circle,Text,-0.039361744926487044,0.039361744926487044
wanted,Text,-0.03922661560285887,0.03922661560285887
exposure,Text,0.03918790508579952,0.03918790508579952
contact,Text,-0.039132446061307606,0.039132446061307606
youth,Text,-0.038884412324077744,0.038884412324077744
clan,Text,0.03847223805077978,0.03847223805077978
live action,Text,0.03839306637144073,0.03839306637144073
kong,Text,0.03821100659741581,0.03821100659741581
bliss,Text,-0.038168407550117814,0.038168407550117814
human,Text,-0.0380701553517466,0.0380701553517466
category_Plays,Category,-0.03799272565601961,0.03799272565601961
athletic,Text,0.03787478544766623,0.03787478544766623
stuck,Text,0.03768338772413661,0.03768338772413661
trafficking,Text,-0.037439539837052525,0.037439539837052525
sausage,Text,0.03741058377064287,0.03741058377064287
engraved,Text,-0.03728713991837369,0.03728713991837369
thing,Text,0.03717498191016353,0.03717498191016353
rush,Text,-0.037045238700371005,0.037045238700371005
following,Text,0.03697723825321711,0.03697723825321711
lynn,Text,-0.036956051525984315,0.036956051525984315
shake,Text,-0.03694867214728248,0.03694867214728248
wine,Text,-0.03693337948323783,0.03693337948323783
note,Text,0.036835592897337455,0.036835592897337455
divine,Text,-0.03682853973010775,0.03682853973010775
let,Text,-0.03667310244569715,0.03667310244569715
bump,Text,0.03665535354101826,0.03665535354101826
whatever,Text,-0.036539785599954924,0.036539785599954924
lesbian,Text,-0.03620718167184896,0.03620718167184896
shell,Text,-0.03615072394123145,0.03615072394123145
vacuum,Text,0.03603106461161251,0.03603106461161251
textbook,Text,-0.035878666509835185,0.035878666509835185
sight,Text,0.03584686792410695,0.03584686792410695
tom,Text,-0.03583917287551813,0.03583917287551813
luxury,Text,0.03581849144887808,0.03581849144887808
joshua,Text,0.03567221566100016,0.03567221566100016
reality tv,Text,0.03550055704240296,0.03550055704240296
country_CA,Category,0.03535733423367572,0.03535733423367572
glory,Text,-0.03518565386707076,0.03518565386707076
une,Text,-0.03517803849751512,0.03517803849751512
animated,Text,-0.034919824241889566,0.034919824241889566
weird,Text,-0.0348815306571236,0.0348815306571236
greeting card,Text,0.03485367152629922,0.03485367152629922
lapse,Text,-0.034570314707686664,0.034570314707686664
final,Text,0.03438327939305045,0.03438327939305045
initiative,Text,0.03435739862201893,0.03435739862201893
much,Text,-0.03430584876637593,0.03430584876637593
delicious,Text,-0.03417563845382334,0.03417563845382334
wood,Text,0.03383223691080699,0.03383223691080699
visual,Text,0.033799843993528325,0.033799843993528325
found,Text,0.033793988121308335,0.033793988121308335
specific,Text,0.03377088759143634,0.03377088759143634
art craft,Text,0.03373187383454742,0.03373187383454742
tell story,Text,-0.033510854573065865,0.033510854573065865
work,Text,0.03344206041936036,0.03344206041936036
teach,Text,-0.03340990313846573,0.03340990313846573
cd,Text,0.03325117164059781,0.03325117164059781
sparrow,Text,0.03307041210955655,0.03307041210955655
heroic,Text,-0.03289530264849879,0.03289530264849879
need help,Text,-0.032870483894610086,0.032870483894610086
tarot deck,Text,-0.03282760976689131,0.03282760976689131
touch,Text,0.03271264780523204,0.03271264780523204
mix,Text,-0.032520824800898095,0.032520824800898095
personality,Text,-0.032443051473441786,0.032443051473441786
kickstarter campaign,Text,0.032157683978927216,0.032157683978927216
jewel,Text,-0.03169110432789419,0.03169110432789419
launch_day,Numeric,-0.031250645117836796,0.031250645117836796
retreat,Text,-0.031040332245409304,0.031040332245409304
fuel,Text,0.03092226461547631,0.03092226461547631
dude,Text,0.030909028667063007,0.030909028667063007
category_Fashion,Category,0.030890014452547604,0.030890014452547604
video project,Text,-0.030822869737423784,0.030822869737423784
bikini,Text,0.030795932113860287,0.030795932113860287
box,Text,0.030706801298439158,0.030706801298439158
cloth,Text,0.030681034707505724,0.030681034707505724
recording,Text,-0.030560585990490056,0.030560585990490056
former,Text,-0.03008265514176515,0.03008265514176515
glow,Text,0.02977806104772585,0.02977806104772585
hate,Text,-0.029625269824974283,0.029625269824974283
glass,Text,0.029436067811533736,0.029436067811533736
across america,Text,-0.029271848383726564,0.029271848383726564
colorful,Text,-0.029198910964737576,0.029198910964737576
independence,Text,0.029100168053051056,0.029100168053051056
ray,Text,-0.029062052410568733,0.029062052410568733
letter,Text,-0.028853295550136236,0.028853295550136236
peak,Text,0.028547322920639356,0.028547322920639356
curtain,Text,0.028401360560961413,0.028401360560961413
bug,Text,-0.02817326998854444,0.02817326998854444
apps,Text,0.02810301932598394,0.02810301932598394
wonder,Text,-0.028077097035382394,0.028077097035382394
fringe festival,Text,-0.02794138200879306,0.02794138200879306
domestic,Text,0.02786600102388332,0.02786600102388332
reboot,Text,-0.027672505124520262,0.027672505124520262
every day,Text,0.027409477945194802,0.027409477945194802
singer songwriter,Text,-0.02733466010884572,0.02733466010884572
impossible,Text,0.027328311194511436,0.027328311194511436
photograph,Text,0.027320511902741727,0.027320511902741727
gnome,Text,-0.027305761460084177,0.027305761460084177
playground,Text,0.027222486436264362,0.027222486436264362
corp,Text,0.027219320092493268,0.027219320092493268
happy,Text,-0.027101871998094634,0.027101871998094634
benjamin,Text,-0.02710058939390024,0.02710058939390024
origami,Text,-0.026936613307630673,0.026936613307630673
easter,Text,0.026876256304961765,0.026876256304961765
buster,Text,0.026713233712807254,0.026713233712807254
noble,Text,-0.026688682018505334,0.026688682018505334
translation,Text,-0.026656984948323297,0.026656984948323297
tyler,Text,-0.026626584329184525,0.026626584329184525
slayer,Text,0.026617921743482112,0.026617921743482112
lady,Text,0.026487499049807777,0.026487499049807777
short horror,Text,0.026212285871223567,0.026212285871223567
kung fu,Text,0.026115005691587506,0.026115005691587506
last day,Text,-0.026084354414927166,0.026084354414927166
sweden,Text,0.025999228782557914,0.025999228782557914
wave,Text,0.02599607264958708,0.02599607264958708
stainless,Text,-0.02595395974269254,0.02595395974269254
opening,Text,-0.025941006736974248,0.025941006736974248
chasing,Text,-0.025919644612947088,0.025919644612947088
emerald,Text,0.025797105704448015,0.025797105704448015
untold,Text,-0.02572587934870845,0.02572587934870845
beautiful,Text,-0.025699134215895758,0.025699134215895758
starring,Text,0.02558453238506335,0.02558453238506335
category_Weaving,Category,0.025560364631482025,0.025560364631482025
lyric,Text,0.025523663778310085,0.025523663778310085
street,Text,-0.025304607808115578,0.025304607808115578
decade,Text,-0.025252008845636463,0.025252008845636463
seat,Text,0.025224162743773787,0.025224162743773787
classic,Text,0.025147121980166276,0.025147121980166276
campaign,Text,0.025098294878089587,0.025098294878089587
couch,Text,0.0250839010908205,0.0250839010908205
jason,Text,0.02504761290857222,0.02504761290857222
cannon,Text,0.024965830488986693,0.024965830488986693
front,Text,-0.02493248482285779,0.02493248482285779
seven,Text,0.02484562191819563,0.02484562191819563
poe,Text,-0.024545409313952292,0.024545409313952292
spinner,Text,-0.02454217893537217,0.02454217893537217
surreal,Text,0.024485965795894425,0.024485965795894425
robotic,Text,0.0244687340780484,0.0244687340780484
poor,Text,0.02433021430913493,0.02433021430913493
dying,Text,0.024248367331388347,0.024248367331388347
shock,Text,0.024197619206715752,0.024197619206715752
robert,Text,0.02413946480717455,0.02413946480717455
collar,Text,-0.02412530103867532,0.02412530103867532
aftermath,Text,-0.024046687393027746,0.024046687393027746
combat,Text,0.02395297095238174,0.02395297095238174
nathan,Text,-0.02367076414483052,0.02367076414483052
mixing,Text,-0.023475645699853727,0.023475645699853727
sacred,Text,0.023430137850258603,0.023430137850258603
national tour,Text,-0.023241289099393807,0.023241289099393807
muse,Text,-0.023208010781875177,0.023208010781875177
gate,Text,0.022787297881324553,0.022787297881324553
coffee shop,Text,0.02265968842062828,0.02265968842062828
spain,Text,0.02260081380807183,0.02260081380807183
game player,Text,-0.022564922016636138,0.022564922016636138
revisited,Text,0.022554455537672664,0.022554455537672664
leg,Text,-0.022217511117591533,0.022217511117591533
public,Text,0.022025397094345117,0.022025397094345117
san diego,Text,0.021832605506086015,0.021832605506086015
trio,Text,0.021716361994650848,0.021716361994650848
dome,Text,0.021345343056709105,0.021345343056709105
flat,Text,0.0211838395819793,0.0211838395819793
might,Text,0.021131988698478172,0.021131988698478172
messenger,Text,-0.020971647879921375,0.020971647879921375
british,Text,-0.020785886539044972,0.020785886539044972
prep,Text,0.020535142698537484,0.020535142698537484
leaf,Text,0.020489122909743307,0.020489122909743307
berry,Text,0.02046679875781986,0.02046679875781986
old school,Text,0.02043473518565626,0.02043473518565626
medieval,Text,-0.020414378198571677,0.020414378198571677
jar,Text,0.020399386947972817,0.020399386947972817
cooper,Text,-0.020346287996955915,0.020346287996955915
revival,Text,-0.020226452195075705,0.020226452195075705
releasing,Text,-0.020120339749650565,0.020120339749650565
remembering,Text,0.01995518666781402,0.01995518666781402
night,Text,-0.01990688000026496,0.01990688000026496
shared,Text,-0.01987650436411195,0.01987650436411195
ingredient,Text,-0.01975640648208477,0.01975640648208477
dvd,Text,0.01973811933720495,0.01973811933720495
main_category_Design,Category,0.019568616181329032,0.019568616181329032
category_Sculpture,Category,-0.019459322297731913,0.019459322297731913
horizon,Text,0.019347520510600406,0.019347520510600406
cre,Text,-0.019130130228623664,0.019130130228623664
category_Stationery,Category,0.019101067301745808,0.019101067301745808
acrylic,Text,-0.01902711973831949,0.01902711973831949
changing,Text,0.01879069434053759,0.01879069434053759
common,Text,0.01830781591689822,0.01830781591689822
sequel,Text,0.018115512914407893,0.018115512914407893
outer,Text,-0.018021692484762885,0.018021692484762885
conservation,Text,-0.017547020362761928,0.017547020362761928
plush toy,Text,0.017518696711893416,0.017518696711893416
band new,Text,-0.016939469598455065,0.016939469598455065
together,Text,-0.01681034978136908,0.01681034978136908
retro,Text,0.01603598221976958,0.01603598221976958
tx,Text,-0.01561930133698795,0.01561930133698795
walking,Text,0.015558528823516686,0.015558528823516686
milk,Text,0.015493451489050646,0.015493451489050646
kingdom,Text,-0.015459275184922518,0.015459275184922518
hardware,Text,0.015256694883819671,0.015256694883819671
chase,Text,0.015175725643882905,0.015175725643882905
country_GB,Category,-0.01515219998134082,0.01515219998134082
manufacturing,Text,0.014717718241173218,0.014717718241173218
leadership,Text,0.01466336961247314,0.01466336961247314
fairy,Text,0.014572133401746963,0.014572133401746963
shoe,Text,0.014533792718895822,0.014533792718895822
category_Immersive,Category,0.014453998028411831,0.014453998028411831
serve,Text,-0.014449469334086812,0.014449469334086812
time machine,Text,-0.014437650827523626,0.014437650827523626
coach,Text,-0.014126754175117953,0.014126754175117953
original music,Text,-0.014078386634793865,0.014078386634793865
style,Text,-0.01397199996948496,0.01397199996948496
spoon,Text,-0.013910932309349928,0.013910932309349928
writes,Text,-0.013789731113760868,0.013789731113760868
cycle,Text,0.013787901264835844,0.013787901264835844
amelia,Text,0.013378919565765694,0.013378919565765694
lil,Text,0.013358347353852999,0.013358347353852999
display,Text,0.013356392258897481,0.013356392258897481
galactic,Text,0.013165078700739448,0.013165078700739448
mike,Text,0.013082973979174026,0.013082973979174026
recording album,Text,0.013073166085584922,0.013073166085584922
aluminum,Text,0.013019561341415468,0.013019561341415468
tone,Text,-0.012956714434506484,0.012956714434506484
prevention,Text,-0.01289265267898125,0.01289265267898125
institute,Text,0.012880680128775262,0.012880680128775262
chief,Text,0.012868750021852459,0.012868750021852459
setting,Text,0.01281234358409257,0.01281234358409257
blank,Text,0.012640975139059325,0.012640975139059325
vertical,Text,-0.012510071777247922,0.012510071777247922
short story,Text,0.012398570157145284,0.012398570157145284
wizard,Text,0.012233252527316156,0.012233252527316156
story,Text,0.012179610663825006,0.012179610663825006
wise,Text,0.011625410621766613,0.011625410621766613
card,Text,-0.011343864372110771,0.011343864372110771
ballad,Text,-0.011300931876855536,0.011300931876855536
blind,Text,0.01119542739546542,0.01119542739546542
come life,Text,0.011079071384967368,0.011079071384967368
vibe,Text,-0.011068654360851549,0.011068654360851549
marine,Text,-0.010904494401920295,0.010904494401920295
gary,Text,-0.0109011489772723,0.0109011489772723
dog treat,Text,-0.010802878601317421,0.010802878601317421
rhyme,Text,-0.010663006757061905,0.010663006757061905
tour,Text,-0.010600130456397402,0.010600130456397402
take,Text,-0.010244329401626801,0.010244329401626801
stylus,Text,0.010236170019401558,0.010236170019401558
finger,Text,0.010043161246172484,0.010043161246172484
dragon,Text,-0.009977985016885677,0.009977985016885677
de los,Text,0.009965622149874637,0.009965622149874637
business card,Text,0.009959408834873132,0.009959408834873132
showcase,Text,0.009847524877426848,0.009847524877426848
regional,Text,-0.009805836917667225,0.009805836917667225
mother,Text,-0.009609840610362918,0.009609840610362918
mockumentary,Text,-0.009320792686952684,0.009320792686952684
smoke,Text,-0.009171206328336843,0.009171206328336843
high school,Text,-0.00905238929874284,0.00905238929874284
sculpture,Text,-0.008977724856957152,0.008977724856957152
keeper,Text,-0.008935233707224608,0.008935233707224608
bottle opener,Text,0.008461728064591424,0.008461728064591424
raw,Text,-0.008382970215042744,0.008382970215042744
sole,Text,0.008261490085287957,0.008261490085287957
midsummer night,Text,-0.008077377997261019,0.008077377997261019
atlantis,Text,-0.007958293886156362,0.007958293886156362
reward,Text,0.007853080492707751,0.007853080492707751
category_Film & Video,Category,0.007550640524146368,0.007550640524146368
sky,Text,-0.0073568222587225805,0.0073568222587225805
cop,Text,0.006940431840455355,0.006940431840455355
dirty,Text,0.00691581542349153,0.00691581542349153
felt,Text,-0.0068940471232631535,0.0068940471232631535
faux,Text,0.006871873360852893,0.006871873360852893
bos,Text,-0.006456886479471111,0.006456886479471111
film music,Text,-0.006173880093319288,0.006173880093319288
pop art,Text,-0.0061537529936110365,0.0061537529936110365
arduino compatible,Text,0.006142276841885966,0.006142276841885966
july,Text,0.006083145667212348,0.006083145667212348
dreaming,Text,-0.00601978370417275,0.00601978370417275
else,Text,-0.005904692630388782,0.005904692630388782
anyone,Text,0.00574619795844346,0.00574619795844346
elementary,Text,-0.005647165071610021,0.005647165071610021
saturday,Text,-0.00540561845851414,0.00540561845851414
venture,Text,-0.005325452823022447,0.005325452823022447
market,Text,0.005077960350380914,0.005077960350380914
font,Text,-0.005004618336497711,0.005004618336497711
tactical,Text,0.004887624815741724,0.004887624815741724
cord,Text,0.004575014924375426,0.004575014924375426
used,Text,-0.004438232595116659,0.004438232595116659
star,Text,-0.004353488930379246,0.004353488930379246
join,Text,0.004128482049106235,0.004128482049106235
metro,Text,-0.003946733013233049,0.003946733013233049
dance company,Text,-0.003941471121242574,0.003941471121242574
sticky,Text,-0.0038819518791497164,0.0038819518791497164
set,Text,-0.0038255818608181934,0.0038255818608181934
reclaimed,Text,0.003651494709542534,0.003651494709542534
fidget,Text,-0.0036462111111115886,0.0036462111111115886
august,Text,0.003422865408824371,0.003422865408824371
full album,Text,0.0032123248876504886,0.0032123248876504886
pump,Text,0.0031752366413556193,0.0031752366413556193
mixed,Text,-0.002964056903631747,0.002964056903631747
first book,Text,0.0025220039826057156,0.0025220039826057156
boxer,Text,-0.0023053988551073046,0.0023053988551073046
underwater,Text,-0.002283252569594687,0.002283252569594687
worship album,Text,0.002205795595316535,0.002205795595316535
surf,Text,-0.002114573340863908,0.002114573340863908
taxi,Text,0.0020369668796038094,0.0020369668796038094
screen print,Text,0.0020080863078170957,0.0020080863078170957
tomorrow,Text,0.001954671874392796,0.001954671874392796
superheroes,Text,0.0017448917021621949,0.0017448917021621949
away,Text,0.0015008186172933372,0.0015008186172933372
morning,Text,-0.001430957349490454,0.001430957349490454
shooting,Text,0.0009389349914003288,0.0009389349914003288
theater,Text,-0.0008980030293718778,0.0008980030293718778
feature,Text,0.00038836248642424133,0.00038836248642424133
teenage,Text,-0.0002491885278099954,0.0002491885278099954
evening,Text,-0.00020201580300963952,0.00020201580300963952
nothing,Text,5.300262341009776e-06,5.300262341009776e-06
rough,Text,1.628430756957927e-07,1.628430756957927e-07
